wals.code	name	family	F82A	F83A	F85A	F86A	F87A	F88A	F89A	F90A
aab	Arapesh (Abu)	Torricelli	1	2	NA	NA	2	2	2	NA
aar	Aari	Afro-Asiatic	1	1	1	1	2	2	2	1
aba	Abau	Sepik	1	1	1	1	NA	2	2	NA
abi	Abipón	Guaicuruan	1	2	2	3	3	1	NA	1
abk	Abkhaz	Northwest Caucasian	1	1	1	1	2	1	3	2
abn	Arabana	Pama-Nyungan	1	1	NA	3	2	NA	NA	NA
abo	Arbore	Afro-Asiatic	1	1	NA	2	2	NA	2	1
abu	Abun	West Papuan	1	2	2	1	2	2	2	1
abv	Abui	Timor-Alor-Pantar	1	1	5	1	2	1	2	1
ace	Acehnese	Austronesian	3	3	2	2	2	2	1	1
acg	Achagua	Arawakan	1	2	1	1	2	NA	NA	1
acl	Acholi	Eastern Sudanic	1	2	2	2	2	NA	2	1
acm	Achumawi	Hokan	1	2	2	NA	NA	NA	NA	NA
acn	Achang	Sino-Tibetan	1	1	1	1	3	2	2	2
aco	Acoma	Keresan	1	3	1	1	3	1	3	NA
acu	Achuar	Jivaroan	NA	1	NA	1	NA	NA	NA	NA
adg	Adang	Timor-Alor-Pantar	1	1	1	1	2	2	2	NA
adi	Adioukrou	Niger-Congo	1	2	1	1	2	2	2	1
adk	Andoke	Andoke	NA	NA	1	1	NA	1	NA	NA
adn	Adynyamathanha	Pama-Nyungan	1	3	1	1	1	NA	NA	NA
ady	Adyghe (Abzakh)	Northwest Caucasian	1	1	1	NA	2	3	NA	NA
adz	Adzera	Austronesian	1	2	2	1	2	2	2	1
aeg	Arabic (Egyptian)	Afro-Asiatic	1	2	2	2	2	2	3	1
aga	Agarabi	Trans-New Guinea	1	1	NA	1	1	NA	1	NA
agb	Leggbó	Niger-Congo	1	2	NA	2	2	2	2	NA
agc	Agta (Central)	Austronesian	2	2	2	2	1	4	1	NA
agd	Agta (Dupaningan)	Austronesian	2	2	NA	2	1	6	1	NA
agh	Aghem	Niger-Congo	1	2	NA	2	2	2	2	NA
agm	Angami	Sino-Tibetan	1	1	1	1	2	2	2	1
agt	Anguthimri	Pama-Nyungan	1	1	NA	NA	2	2	2	NA
ain	Ainu	Ainu	1	1	1	1	1	1	1	2
aja	Aja	Central Sudanic	1	2	2	2	1	NA	3	NA
ajg	Ajagbe	Niger-Congo	1	3	1	3	2	2	2	1
akh	Akha	Sino-Tibetan	1	1	1	1	2	2	2	2
akn	Akan	Niger-Congo	1	2	4	1	2	2	2	NA
ala	Alamblak	Sepik	1	1	1	1	1	1	1	2
alb	Albanian	Indo-European	1	2	2	2	2	1	1	1
ale	Aleut	Eskimo-Aleut	1	1	NA	NA	NA	NA	NA	NA
alk	Arop-Lokep	Austronesian	1	2	2	3	2	2	2	1
all	Ala'ala	Austronesian	1	NA	4	1	2	2	2	1
aln	Alune	Austronesian	1	2	2	1	2	2	2	NA
als	Alsea	Oregon Coast	2	2	2	1	1	1	1	NA
alw	Alawa	Mangarrayi-Maran	3	3	2	NA	3	1	NA	NA
aly	Alyawarra	Pama-Nyungan	1	1	1	2	2	2	2	1
ama	Amara	Austronesian	1	2	2	NA	2	2	2	NA
amb	Ambulas	Sepik	1	1	1	1	1	1	2	2
amc	Amahuaca	Panoan	3	1	1	1	2	1	NA	NA
ame	Amele	Trans-New Guinea	1	1	1	1	2	2	2	1
amh	Amharic	Afro-Asiatic	1	1	4	1	1	1	1	2
ami	Amis	Austronesian	2	2	2	2	1	1	1	2
amk	Amarakaeri	Harakmbet	NA	NA	1	NA	1	1	1	NA
aml	Ambae (Lolovoli Northeast)	Austronesian	1	2	2	2	2	2	2	1
amm	Ama	Left May	NA	NA	NA	1	3	NA	NA	NA
amn	Amanab	Border	1	1	NA	1	2	1	NA	NA
amo	Amo	Niger-Congo	NA	2	NA	NA	2	2	2	1
amp	Arrernte (Mparntwe)	Pama-Nyungan	1	1	1	NA	2	2	2	1
amq	Ambai	Austronesian	1	2	2	1	2	2	2	1
amr	Arabic (Moroccan)	Afro-Asiatic	2	2	2	2	2	1	1	1
ams	Arabic (Modern Standard)	Afro-Asiatic	2	2	2	2	2	1	1	NA
amt	Amdo (Themchen)	Sino-Tibetan	1	1	1	1	3	NA	2	7
amx	Anamuxra	Trans-New Guinea	1	1	NA	1	2	2	2	NA
ana	Araona	Tacanan	1	1	1	1	2	1	3	1
anc	Angas	Afro-Asiatic	1	2	2	2	2	2	2	1
ane	Anêm	Anêm	1	2	2	3	2	2	2	NA
ang	Anggor	Senagi	1	1	1	1	2	2	2	1
ani	//Ani	Khoe-Kwadi	1	3	NA	1	1	1	1	NA
anj	Anejom	Austronesian	2	2	2	2	2	2	2	1
ann	Anindilyakwa	Gunwinyguan	2	2	3	3	NA	1	NA	NA
ano	Anong	Sino-Tibetan	1	1	NA	1	2	2	2	NA
anu	Anufo	Niger-Congo	1	2	NA	1	2	1	2	1
any	Anywa	Eastern Sudanic	3	3	2	2	2	4	2	1
ao	Ao	Sino-Tibetan	1	1	1	1	2	2	2	7
aoj	Mufian	Torricelli	1	2	NA	2	2	2	2	1
api	Apinayé	Macro-Ge	1	1	1	1	2	2	NA	NA
apl	Apalaí	Cariban	3	1	1	1	2	NA	3	NA
apt	Apatani	Sino-Tibetan	1	1	1	1	2	1	2	2
apu	Apurinã	Arawakan	1	3	1	1	2	1	1	1
apw	Apache (Western)	Na-Dene	1	1	NA	NA	NA	1	2	1
ara	Arawak	Arawakan	3	2	1	1	1	1	1	7
arc	Archi	Nakh-Daghestanian	1	1	1	1	1	1	1	NA
arg	Arabic (Gulf)	Afro-Asiatic	1	2	2	2	2	6	1	1
ari	Aribwatsa	Austronesian	1	2	NA	1	NA	NA	NA	NA
arj	Arabic (Kuwaiti)	Afro-Asiatic	1	2	2	2	2	6	3	1
arm	Armenian (Eastern)	Indo-European	1	3	1	1	1	1	1	7
aro	Arosi	Austronesian	1	2	2	2	2	2	1	1
arp	Arapesh (Mountain)	Torricelli	1	2	2	3	1	1	1	NA
arq	Arabic (Iraqi)	Afro-Asiatic	1	2	2	2	2	NA	1	1
arw	Armenian (Western)	Indo-European	1	1	1	1	1	1	1	1
asm	Asmat	Trans-New Guinea	1	1	5	1	2	1	2	2
ass	Assamese	Indo-European	1	1	NA	1	1	1	3	NA
asu	Asuriní	Tupian	2	1	1	NA	NA	NA	NA	NA
asy	Arabic (Syrian)	Afro-Asiatic	3	2	2	2	2	6	3	1
ata	Atayal	Austronesian	2	2	2	2	3	2	1	NA
ath	Athpare	Sino-Tibetan	1	1	NA	1	1	1	1	2
atk	Atakapa	Atakapa	1	1	1	1	NA	1	2	NA
atm	Atacameño	Kunza	1	1	NA	NA	2	NA	NA	NA
ats	Atsugewi	Hokan	NA	NA	NA	NA	NA	1	NA	NA
au	Au	Torricelli	1	2	2	3	2	2	2	NA
ava	Avar	Nakh-Daghestanian	1	1	1	1	1	1	1	NA
avk	Avikam	Niger-Congo	1	2	NA	NA	NA	2	NA	NA
avo	Avokaya	Central Sudanic	1	3	1	3	NA	2	NA	NA
awa	Awa	Trans-New Guinea	1	1	NA	1	1	1	1	2
awe	Arrernte (Western)	Pama-Nyungan	NA	NA	1	2	2	2	2	1
awi	Aekyom	Awin-Pare	1	1	NA	1	2	2	2	NA
awp	Awa Pit	Barbacoan	1	1	1	1	1	1	1	NA
awt	Awtuw	Sepik	1	1	1	1	2	1	2	2
awy	Awyi	Border	1	1	NA	NA	2	NA	2	NA
ayi	Anyi	Niger-Congo	1	2	NA	1	2	NA	NA	NA
aym	Aymara (Central)	Aymaran	1	1	1	1	1	1	1	NA
ayo	Ayomán	Jirajaran	1	2	NA	1	2	NA	1	NA
ayr	Ayoreo	Zamucoan	1	2	NA	1	NA	NA	NA	NA
ayw	Ayiwo	Austronesian	1	2	2	2	2	2	NA	NA
aze	Azerbaijani	Altaic	1	1	NA	1	1	NA	1	NA
azi	Azari (Iranian)	Altaic	1	1	NA	NA	NA	NA	NA	7
baa	Barai	Trans-New Guinea	1	1	1	1	2	2	2	1
bab	Babungo	Niger-Congo	1	2	2	NA	2	2	2	1
bac	Bachamal	Anson Bay	3	3	1	NA	3	NA	NA	NA
bae	Baré	Arawakan	3	2	1	1	2	1	1	NA
baf	Bafut	Niger-Congo	1	2	2	NA	2	NA	NA	NA
bag	Bagirmi	Central Sudanic	1	2	2	2	2	2	2	1
bai	Bai	Sino-Tibetan	1	2	4	1	1	2	2	2
baj	Bajau (Sama)	Austronesian	3	2	2	2	2	2	NA	1
bak	Baka (in Cameroon)	Niger-Congo	1	2	2	2	1	2	2	NA
bam	Bambara	Mande	1	1	1	1	2	6	2	4
bao	Bao'an	Altaic	1	1	1	NA	NA	NA	NA	NA
baq	Baure	Arawakan	2	2	NA	2	2	1	1	1
bar	Bari	Eastern Sudanic	1	2	2	2	2	1	2	1
bas	Basaá	Niger-Congo	1	2	2	2	2	2	2	NA
baw	Bawm	Sino-Tibetan	1	1	1	1	2	2	2	7
bbf	Bobo Madaré (Northern)	Mande	NA	NA	1	NA	2	6	NA	NA
bbl	Babole	Niger-Congo	1	2	2	NA	2	NA	2	1
bbu	Barambu	Niger-Congo	3	2	2	2	1	2	2	1
bbw	Bininj Gun-Wok	Gunwinyguan	1	1	4	1	3	6	3	NA
bch	Berber (Chaouia)	Afro-Asiatic	3	2	NA	2	2	2	1	NA
bco	Bella Coola	Salishan	2	2	2	2	1	2	NA	1
bdm	Badimaya	Pama-Nyungan	1	1	NA	1	2	1	3	NA
bdu	Budu	Niger-Congo	1	2	2	2	2	2	2	NA
bdw	Baham	West Bomberai	1	1	NA	NA	2	2	NA	NA
bej	Beja	Afro-Asiatic	1	1	1	1	3	5	NA	1
bel	Belhare	Sino-Tibetan	1	1	NA	1	1	NA	1	2
bem	Bemba	Niger-Congo	NA	NA	NA	NA	2	6	2	NA
ben	Bengali	Indo-European	1	1	NA	NA	NA	NA	NA	NA
ber	Berta	Berta	1	2	NA	NA	2	4	2	1
bfg	Berber (Figuig)	Afro-Asiatic	2	2	2	2	2	1	1	1
bfi	Bafia	Niger-Congo	NA	NA	2	2	2	2	2	1
bga	Benga	Niger-Congo	NA	NA	2	2	NA	NA	NA	NA
bgm	Bangime	Bangime	1	1	NA	NA	2	NA	2	NA
bgn	Bugun	Sino-Tibetan	NA	1	NA	NA	3	NA	NA	NA
bgo	Bongo	Central Sudanic	1	2	2	2	3	5	NA	NA
bgr	Bagiro	Central Sudanic	1	2	4	2	NA	2	2	1
bgs	Baga Sitemu	Niger-Congo	1	2	1	NA	NA	2	NA	NA
bgz	Banggi	Austronesian	1	2	NA	NA	NA	NA	NA	NA
bho	Bhojpuri	Indo-European	1	1	1	1	1	1	1	NA
bhu	Bhumij	Austro-Asiatic	1	1	NA	1	1	NA	NA	NA
bia	Bira	Niger-Congo	1	2	2	2	2	NA	NA	NA
bid	Bidiya	Afro-Asiatic	1	2	2	2	2	2	2	1
big	Binga	Central Sudanic	NA	2	NA	NA	NA	4	NA	NA
bii	Biri	Pama-Nyungan	1	2	NA	1	1	1	1	1
bik	Biak	Austronesian	1	2	2	1	2	2	2	1
bil	Bilua	Solomons East Papuan	3	2	1	1	1	1	1	7
bin	Binandere	Trans-New Guinea	1	1	1	1	2	2	2	NA
bio	Nai	Kwomtari-Baibai	1	1	NA	1	3	NA	3	1
bir	Birom	Niger-Congo	1	2	2	2	2	2	2	1
biu	Bisu	Sino-Tibetan	1	1	NA	NA	2	NA	NA	NA
bka	Baka (in South Sudan)	Central Sudanic	1	2	2	2	1	2	2	1
bkb	Betta Kurumba	Dravidian	1	1	1	NA	NA	NA	NA	NA
bkl	Bikol	Austronesian	2	2	2	3	3	NA	NA	NA
bkr	Batak (Karo)	Austronesian	3	2	2	2	2	2	1	1
bkt	Brokskat	Indo-European	1	1	NA	1	1	1	1	NA
bku	Bakueri	Niger-Congo	1	2	NA	2	2	1	2	1
bla	Blackfoot	Algic	3	2	5	1	1	1	1	7
ble	Baule	Niger-Congo	1	2	1	NA	2	2	2	NA
blg	Balangao	Austronesian	NA	2	NA	NA	NA	1	NA	NA
bln	Bilin	Afro-Asiatic	3	1	1	1	2	NA	1	NA
blr	Belorussian	Indo-European	3	3	NA	2	1	1	NA	1
blt	Balti	Sino-Tibetan	1	1	1	NA	1	1	2	2
blu	Bena-Lulua	Niger-Congo	NA	2	2	NA	2	NA	NA	NA
blx	Biloxi	Siouan	1	1	1	1	2	2	2	NA
blz	Balanta	Niger-Congo	1	2	NA	2	2	2	2	NA
bma	Berber (Middle Atlas)	Afro-Asiatic	2	2	2	2	2	6	1	1
bmb	Bimoba	Niger-Congo	1	2	4	1	NA	2	2	1
bmz	Berber (Mzab)	Afro-Asiatic	NA	NA	2	NA	NA	NA	NA	NA
bnb	Bunuba	Bunuban	1	3	3	1	1	1	NA	NA
bni	Bini	Niger-Congo	1	2	2	2	2	2	2	1
bnj	Bandjalang	Pama-Nyungan	1	1	NA	NA	1	1	NA	NA
bnk	Bankon	Niger-Congo	1	2	2	2	2	NA	NA	NA
bnn	Banoni	Austronesian	1	2	2	2	2	1	2	NA
bnr	Bilinarra	Pama-Nyungan	NA	NA	NA	3	NA	1	3	NA
bnu	Bularnu	Pama-Nyungan	1	1	NA	NA	NA	NA	NA	NA
boa	Boazi	Marind	1	1	1	NA	NA	NA	2	NA
bob	Bobangi	Niger-Congo	1	2	2	2	NA	NA	NA	1
bod	Bodo	Sino-Tibetan	1	1	NA	1	1	1	2	2
boj	Bori	Sino-Tibetan	NA	1	1	NA	3	5	NA	NA
bok	Boko	Mande	1	1	1	1	2	NA	2	1
bol	Bolia	Niger-Congo	1	2	2	2	NA	2	NA	NA
bon	Bongu	Trans-New Guinea	1	1	1	1	2	NA	NA	NA
boq	Bokar	Sino-Tibetan	1	1	NA	NA	NA	NA	NA	NA
bra	Brao	Austro-Asiatic	1	2	2	2	2	2	2	NA
bre	Breton	Indo-European	2	2	2	2	2	2	1	1
brf	Berber (Rif)	Afro-Asiatic	1	2	2	2	2	2	1	1
brh	Brahui	Dravidian	NA	NA	1	NA	1	1	NA	1
bri	Bribri	Chibchan	1	1	1	1	2	2	2	NA
brl	Baragaunle	Sino-Tibetan	1	1	NA	NA	2	1	2	2
brm	Burmese	Sino-Tibetan	1	1	1	1	2	1	2	2
brn	Burunge	Afro-Asiatic	1	2	4	2	2	4	2	1
brp	Barupu	Skou	1	1	NA	2	2	2	2	1
brr	Bororo	Bororoan	NA	2	NA	NA	NA	NA	NA	NA
brs	Barasano	Tucanoan	3	1	1	1	3	1	1	1
bry	Baruya	Trans-New Guinea	1	1	1	1	2	2	2	NA
bse	Berber (Ayt Seghrouchen Middle Atlas)	Afro-Asiatic	NA	2	2	NA	NA	2	NA	NA
bsh	Bushoong	Niger-Congo	1	2	2	NA	2	2	NA	1
bsi	Berber (Siwa)	Afro-Asiatic	NA	NA	2	NA	2	2	NA	NA
bsk	Bashkir	Altaic	1	1	1	1	1	1	1	2
bsq	Basque	Basque	1	1	1	1	2	2	1	2
bsr	Basari	Niger-Congo	1	1	NA	2	2	NA	NA	1
bti	Betoi	Betoi	1	1	1	NA	NA	NA	NA	NA
btk	Bontok	Austronesian	3	2	2	2	3	NA	1	1
bto	Batak (Toba)	Austronesian	2	2	2	2	2	2	3	1
bua	Burarra	Mangrida	1	1	1	NA	3	NA	NA	NA
bub	Bubi	Niger-Congo	1	2	NA	NA	2	1	NA	NA
bud	Buduma	Afro-Asiatic	1	2	2	2	2	2	2	1
bug	Bugis	Austronesian	1	2	NA	2	NA	2	NA	1
buj	Bujeba	Niger-Congo	NA	NA	NA	NA	2	2	NA	NA
bul	Bulgarian	Indo-European	3	2	2	3	1	1	1	1
bum	Buma	Austronesian	1	2	2	2	2	2	2	1
bun	Buin	East Bougainville	NA	1	NA	NA	2	NA	NA	NA
bur	Burushaski	Burushaski	1	1	1	1	1	1	1	2
bus	Busa	Mande	1	1	1	1	2	NA	2	1
but	Buriat	Altaic	1	1	1	1	1	1	1	NA
buu	Buru	Austronesian	1	2	2	1	2	2	2	1
buw	Bulu	Niger-Congo	NA	NA	NA	2	NA	NA	NA	NA
buy	Buli (in Ghana)	Niger-Congo	1	2	NA	NA	NA	NA	NA	NA
bvi	Bali-Vitu	Austronesian	1	2	2	2	2	2	2	1
bwc	Bajau (West Coast)	Austronesian	3	2	2	2	2	2	1	1
bya	Byansi	Sino-Tibetan	1	1	1	1	1	1	1	7
bzi	Bauzi	East Geelvink Bay	1	1	1	NA	NA	NA	NA	NA
cah	Cahuilla	Uto-Aztecan	1	1	1	1	1	NA	NA	1
cai	Chai	Eastern Sudanic	1	3	1	2	2	5	2	NA
cak	Cakchiquel	Mayan	2	2	2	2	1	1	1	1
cam	Camsá	Camsá	1	3	1	NA	3	NA	1	NA
can	Candoshi	Candoshi	1	1	NA	1	NA	NA	NA	NA
car	Carib	Cariban	1	1	1	1	1	1	1	NA
cas	Cashibo	Panoan	1	1	1	1	2	1	2	NA
cav	Cavineña	Tacanan	3	3	1	1	2	NA	1	1
cax	Campa (Axininca)	Arawakan	3	2	5	1	2	NA	NA	1
cay	Cayapa	Barbacoan	1	1	NA	1	1	1	1	NA
cba	Chumash (Barbareño)	Chumash	2	2	2	2	NA	3	NA	NA
cbo	Chácobo	Panoan	3	1	1	1	2	NA	NA	NA
ccm	Chinantec (Comaltepec)	Oto-Manguean	2	2	2	2	2	2	1	1
cct	Choctaw	Muskogean	1	1	1	1	4	2	2	3
cde	Carib (De'kwana)	Cariban	1	1	1	1	2	1	1	1
cea	Cree (Swampy)	Algic	3	2	NA	NA	NA	1	NA	NA
ceb	Cebuano	Austronesian	2	2	2	2	NA	NA	NA	1
cem	Cèmuhî	Austronesian	2	2	2	2	2	2	2	1
cga	Chaga	Niger-Congo	1	2	NA	NA	2	NA	NA	NA
cha	Chamorro	Austronesian	2	2	2	2	1	1	1	1
chb	Chambri	Lower Sepik-Ramu	1	1	NA	NA	2	NA	NA	NA
chc	Chechen	Nakh-Daghestanian	1	1	1	1	1	1	1	2
chd	Chaudangsi	Sino-Tibetan	1	1	NA	NA	1	1	1	NA
che	Cherokee	Iroquoian	3	1	1	1	1	1	1	2
chg	Chang	Sino-Tibetan	1	1	1	1	3	1	2	7
chh	Chaha	Afro-Asiatic	1	1	4	1	1	2	1	2
chi	Chimariko	Hokan	1	1	1	1	2	6	2	3
chj	Chuj	Mayan	2	2	2	2	NA	2	1	1
chk	Chukchi	Chukotko-Kamchatkan	1	1	1	1	1	1	1	7
chn	Chantyal	Sino-Tibetan	1	1	1	1	1	1	1	2
chp	Chipewyan	Na-Dene	1	1	1	NA	NA	1	1	1
chq	Chinantec (Quiotepec)	Oto-Manguean	2	2	2	2	2	6	1	1
chr	Chrau	Austro-Asiatic	1	2	2	2	2	2	1	1
chs	Chin (Siyin)	Sino-Tibetan	1	1	1	1	3	1	2	2
chv	Chuvash	Altaic	1	1	1	1	1	1	1	2
chw	Cham (Western)	Austronesian	1	2	NA	NA	2	NA	2	1
chx	Chontal (Huamelultec Oaxaca)	Tequistlatecan	2	2	NA	2	1	NA	NA	NA
cic	Chichewa	Niger-Congo	1	2	2	2	2	2	2	1
ckl	Chinook (Lower)	Penutian	2	2	2	3	1	1	1	NA
ckr	Canela-Krahô	Macro-Ge	1	1	1	1	2	2	NA	7
cku	Chinook (Upper)	Penutian	2	NA	NA	NA	NA	1	NA	NA
cld	Chaldean (Modern)	Afro-Asiatic	NA	NA	2	2	2	1	1	1
cle	Chinantec (Lealao)	Oto-Manguean	2	2	2	2	2	2	1	1
cln	Cholón	Cholon	1	1	1	1	1	1	1	NA
cme	Cham (Eastern)	Austronesian	1	2	NA	2	2	2	NA	NA
cmh	Chemehuevi	Uto-Aztecan	1	3	1	1	3	6	1	1
cml	Camling	Sino-Tibetan	1	1	NA	1	NA	1	1	2
cmn	Comanche	Uto-Aztecan	1	1	1	1	1	1	1	1
cmr	Chin (Mara)	Sino-Tibetan	1	1	1	1	2	5	2	3
cmx	Comox	Salishan	2	2	2	2	NA	3	NA	NA
cmy	Chontal Maya	Mayan	2	2	2	2	1	5	1	1
cnm	Canamarí	Katukinan	NA	NA	1	1	2	1	3	1
cnt	Cantonese	Sino-Tibetan	1	2	4	1	1	1	1	2
coa	Coahuilteco	Coahuiltecan	1	1	NA	1	NA	NA	NA	NA
coc	Cocama	Tupian	1	2	1	1	2	1	1	NA
coe	Coeur d'Alene	Salishan	2	2	2	NA	NA	2	NA	NA
coo	Coos (Hanis)	Oregon Coast	2	3	1	3	1	1	1	1
cop	Coptic	Afro-Asiatic	1	2	2	2	2	6	1	1
cor	Cora	Uto-Aztecan	2	2	1	3	2	1	1	1
cos	Rumsien	Penutian	2	2	NA	3	NA	NA	NA	NA
cpl	Chinantec (Palantla)	Oto-Manguean	2	2	2	2	2	2	1	1
cpn	Chepang	Sino-Tibetan	1	1	NA	1	1	1	1	2
cpy	Chipaya	Uru-Chipaya	1	1	NA	1	1	1	1	2
cqt	Chiquitano	Chiquito	NA	2	2	2	NA	NA	NA	NA
cre	Cree (Plains)	Algic	3	2	5	NA	NA	1	NA	NA
crn	Cornish	Indo-European	1	2	2	2	2	2	1	1
cro	Crow	Siouan	1	1	NA	1	2	2	2	NA
crp	Carapana	Tucanoan	NA	NA	NA	NA	2	1	1	NA
cso	Chatino (Sierra Occidental)	Oto-Manguean	2	2	2	2	2	2	1	1
cti	Chin (Tiddim)	Sino-Tibetan	1	1	1	1	2	1	2	NA
ctl	Catalan	Indo-European	3	2	2	2	2	1	1	1
ctm	Chitimacha	Chitimacha	1	1	1	1	2	NA	2	1
ctw	Catawba	Siouan	1	1	1	1	2	NA	NA	NA
cua	Cua	Austro-Asiatic	1	2	NA	NA	NA	NA	NA	NA
cub	Cubeo	Tucanoan	2	1	1	1	1	NA	1	1
cuc	Cuica	Timote-Cuica	1	2	2	NA	3	NA	1	NA
cui	Cuiba	Guahiban	1	1	NA	NA	2	NA	NA	NA
cup	Cupeño	Uto-Aztecan	1	1	1	1	2	1	1	NA
cya	Chatino (Yaitepec)	Oto-Manguean	2	2	2	2	2	2	1	1
cyv	Cayuvava	Cayuvava	2	2	2	2	1	1	1	NA
cze	Czech	Indo-European	1	2	2	3	1	1	1	1
dag	Daga	Dagan	1	1	1	1	2	2	2	1
dam	Damana	Chibchan	1	3	NA	NA	NA	NA	1	NA
dan	Dan	Mande	1	1	1	1	2	2	2	1
daw	Dâw	Nadahup	1	1	1	1	2	1	1	NA
day	Day	Niger-Congo	1	2	NA	2	2	2	2	1
ddj	Dadjriwalé	Niger-Congo	1	3	NA	NA	2	2	NA	1
dds	Donno So	Dogon	1	1	1	1	2	2	2	3
deg	Degema	Niger-Congo	1	2	NA	NA	3	2	2	1
der	Dla (Proper)	Senagi	1	1	1	1	3	6	1	NA
des	Desano	Tucanoan	1	1	1	1	1	1	3	1
deu	Deuri	Sino-Tibetan	1	1	NA	NA	1	NA	3	NA
dga	Dagaare	Niger-Congo	1	2	1	1	2	2	2	NA
dgb	Dagbani	Niger-Congo	1	2	1	1	2	2	2	NA
dgo	Dongo	Niger-Congo	1	3	NA	2	2	2	2	NA
dgr	Dagur	Altaic	1	1	1	1	1	1	1	2
dha	Dhaasanac	Afro-Asiatic	1	1	NA	1	2	2	2	NA
dhb	Dharumbal	Pama-Nyungan	1	1	NA	1	NA	NA	NA	NA
dhi	Dhivehi	Indo-European	NA	NA	NA	1	1	1	1	2
dhm	Dhimal	Sino-Tibetan	1	1	1	1	1	1	1	2
dhr	Dhargari	Pama-Nyungan	3	3	5	NA	NA	6	NA	NA
did	Didinga	Eastern Sudanic	2	2	2	2	2	2	2	1
die	Diegueño (Mesa Grande)	Hokan	1	1	1	1	4	2	2	3
dig	Digaro	Sino-Tibetan	1	1	1	1	2	NA	2	2
dim	Dime	Afro-Asiatic	1	1	1	NA	2	2	2	NA
din	Dinka	Eastern Sudanic	1	3	4	2	2	4	2	1
dio	Diola-Fogny	Niger-Congo	1	2	2	2	2	2	2	1
diy	Diyari	Pama-Nyungan	1	1	NA	1	2	1	2	5
dja	Djabugay	Pama-Nyungan	1	1	NA	NA	NA	6	NA	NA
dji	Djingili	Mirndi	1	1	1	2	2	NA	NA	NA
djm	Djambarrpuyngu	Pama-Nyungan	3	3	NA	3	3	1	NA	1
djn	Djinang	Pama-Nyungan	NA	3	NA	1	2	1	NA	NA
djp	Djapu	Pama-Nyungan	1	1	NA	3	NA	1	3	NA
djr	Djaru	Pama-Nyungan	1	3	NA	NA	3	1	NA	NA
dlm	Dla (Menggwa)	Senagi	1	1	1	1	3	1	2	7
dma	Duma	Niger-Congo	1	2	NA	NA	2	2	2	NA
dmi	Dumi	Sino-Tibetan	1	1	1	1	1	1	3	NA
dmk	Dumaki	Indo-European	1	1	1	NA	1	NA	NA	NA
dms	Dimasa	Sino-Tibetan	1	1	1	NA	2	1	2	2
dng	Ding	Niger-Congo	NA	NA	2	NA	NA	2	NA	NA
dni	Dani (Lower Grand Valley)	Trans-New Guinea	1	1	1	1	NA	2	NA	1
dok	Doko	Niger-Congo	1	2	2	NA	NA	2	NA	NA
dom	Domari	Indo-European	2	2	2	1	1	1	1	1
don	Dong (Southern)	Tai-Kadai	3	2	2	NA	2	2	1	NA
doy	Doyayo	Niger-Congo	1	2	4	1	2	NA	2	1
dre	Drehu	Austronesian	3	2	2	2	2	2	1	1
drg	Dargwa	Nakh-Daghestanian	1	1	1	1	1	NA	1	2
drm	Darma	Sino-Tibetan	1	1	1	1	1	1	1	7
dsh	Danish	Indo-European	1	2	2	1	1	1	1	1
dua	Duala	Niger-Congo	1	2	NA	2	2	1	NA	NA
duk	Duka	Niger-Congo	1	2	2	2	2	1	2	1
dul	Dulong	Sino-Tibetan	1	1	1	1	3	1	2	NA
dum	Dumo	Skou	1	1	NA	1	2	2	2	NA
dun	Duna	Trans-New Guinea	1	1	1	1	2	2	2	NA
dut	Dutch	Indo-European	1	3	2	2	1	1	1	1
dyi	Dyirbal	Pama-Nyungan	1	1	5	1	2	1	2	1
ebi	Ebira	Niger-Congo	1	2	NA	NA	NA	NA	NA	NA
edo	Edolo	Bosavi	1	1	1	1	2	2	2	NA
efi	Efik	Niger-Congo	NA	NA	NA	NA	NA	2	2	1
ega	Ega	Niger-Congo	1	2	NA	1	2	2	2	NA
egn	Engenni	Niger-Congo	1	2	2	2	2	2	2	1
eip	Eipo	Trans-New Guinea	1	1	1	1	1	6	2	2
eka	Ekari	Trans-New Guinea	1	1	NA	NA	NA	NA	2	NA
eko	Ekoti	Niger-Congo	1	2	NA	NA	NA	NA	NA	NA
els	Elseng	Morwap	NA	NA	NA	NA	2	NA	NA	NA
emb	Emberá (Northern)	Choco	1	1	1	1	2	1	2	1
eme	Émérillon	Tupian	1	1	1	1	2	1	1	1
emm	Emmi	Western Daly	1	3	1	NA	2	NA	2	NA
ene	Enets	Uralic	1	1	1	NA	1	NA	NA	NA
eng	English	Indo-European	1	2	2	3	1	1	1	1
eno	Enggano	Austronesian	1	2	2	2	2	2	3	1
epe	Epena Pedee	Choco	1	1	1	1	2	1	2	3
erk	Efate (South)	Austronesian	1	2	2	2	2	2	2	1
err	Erromangan	Austronesian	1	2	2	2	2	2	2	1
ese	Ese Ejja	Tacanan	1	1	1	1	2	NA	NA	NA
esm	Esmeraldeño	Tacame	2	2	2	2	3	NA	NA	NA
ess	Esselen	Esselen	NA	NA	NA	NA	1	NA	NA	NA
est	Estonian	Uralic	1	2	1	1	1	1	1	1
eud	Eudeve	Uto-Aztecan	1	1	1	1	NA	1	NA	1
eve	Evenki	Altaic	1	1	1	1	1	1	1	2
evn	Even	Altaic	1	1	1	NA	1	NA	NA	2
ewe	Ewe	Niger-Congo	1	2	1	1	2	2	2	1
ewo	Ewondo	Niger-Congo	1	2	2	2	2	2	2	1
fas	Fasu	Trans-New Guinea	1	1	1	1	2	2	2	NA
fij	Fijian	Austronesian	2	2	2	2	2	2	1	1
fin	Finnish	Uralic	1	2	1	1	1	1	1	1
foe	Foe	Trans-New Guinea	1	1	NA	NA	2	2	NA	NA
fon	Fongbe	Niger-Congo	1	2	4	2	2	2	2	1
for	Fore	Trans-New Guinea	1	1	1	1	1	1	2	NA
fqs	Momu	Kwomtari-Baibai	1	1	1	1	NA	NA	NA	NA
fre	French	Indo-European	1	2	2	2	2	1	1	1
fri	Frisian	Indo-European	1	3	2	3	1	1	NA	1
fua	Fula (Cameroonian)	Niger-Congo	1	2	2	2	2	2	2	1
ful	Fulniô	Yatê	NA	1	1	1	2	NA	NA	NA
fur	Fur	Fur	1	1	1	1	2	1	2	1
fut	Futuna-Aniwa	Austronesian	1	2	2	2	2	2	3	1
fye	Fyem	Niger-Congo	1	2	2	2	2	2	2	1
ga	Gã	Niger-Congo	1	2	NA	1	2	1	NA	NA
gaa	Gaagudju	Gaagudju	NA	NA	1	NA	2	1	3	NA
gae	Gaelic (Scots)	Indo-European	2	2	2	2	2	2	1	1
gah	Gahuku	Trans-New Guinea	1	1	NA	NA	3	NA	2	7
gal	Galo	Sino-Tibetan	1	1	NA	NA	1	NA	2	2
gam	Gamo	Afro-Asiatic	1	1	1	1	1	1	1	2
gan	Great Andamanese	Great Andamanese	1	1	1	1	2	NA	NA	NA
gap	Gapapaiwa	Austronesian	1	1	1	1	NA	NA	2	1
gar	Garo	Sino-Tibetan	1	1	1	1	2	1	2	2
gav	Gavião	Tupian	1	1	1	1	2	1	NA	NA
gbb	Gbeya Bossangoa	Niger-Congo	1	2	2	2	1	2	2	1
gbk	Gbaya Kara	Niger-Congo	1	2	NA	2	1	2	2	NA
gdb	Gutob	Austro-Asiatic	NA	NA	NA	NA	1	NA	NA	NA
gds	Gadsup	Trans-New Guinea	1	1	NA	1	1	NA	1	NA
gel	Gela	Austronesian	2	2	2	2	2	2	1	1
geo	Georgian	Kartvelian	1	1	1	1	1	1	1	1
ger	German	Indo-European	1	3	2	2	1	1	1	1
ggu	Gureng Gureng	Pama-Nyungan	1	3	NA	NA	2	6	NA	NA
ghr	Bunan	Sino-Tibetan	1	1	NA	NA	2	NA	NA	NA
gid	Gidabal	Pama-Nyungan	3	3	NA	NA	1	1	NA	NA
gil	Gilaki	Indo-European	NA	NA	NA	NA	1	NA	NA	NA
gim	Gimira	Afro-Asiatic	1	1	1	NA	3	2	3	7
gir	Gula Iro	Niger-Congo	NA	2	NA	NA	NA	NA	NA	NA
git	Gitksan	Penutian	3	3	2	NA	1	NA	NA	NA
giz	Giziga	Afro-Asiatic	NA	2	2	NA	NA	NA	2	NA
gjj	Guajajara	Tupian	2	2	1	1	2	1	1	NA
gku	Gününa Küne	Chon	3	NA	2	3	2	NA	1	NA
gla	Gelao	Tai-Kadai	1	2	2	NA	2	2	1	NA
gln	Golin	Trans-New Guinea	1	1	1	1	2	2	2	NA
gmw	Gumawana	Austronesian	1	1	1	1	2	2	2	7
gmz	Gumuz	Gumuz	1	2	2	2	3	2	NA	1
gnb	Gunbalang	Gunwinyguan	1	2	2	NA	1	1	1	1
gnd	Ga'anda	Afro-Asiatic	NA	2	2	2	2	2	NA	1
gnn	Gunin	Worrorran	3	3	1	1	2	2	NA	NA
goa	Goajiro	Arawakan	2	2	2	2	2	2	1	NA
god	Godoberi	Nakh-Daghestanian	1	1	NA	1	1	1	1	7
goe	Goemai	Afro-Asiatic	1	2	2	2	2	2	2	NA
gog	Gogodala	Gogodala-Suki	1	1	NA	NA	NA	NA	NA	NA
gok	Gokana	Niger-Congo	1	2	2	2	1	2	1	1
gon	Gondi	Dravidian	1	1	1	1	1	1	1	NA
goo	Gooniyandi	Bunuban	1	1	3	3	2	1	1	NA
grb	Grebo	Niger-Congo	1	2	1	1	2	2	2	1
grf	Garífuna	Arawakan	2	2	2	2	2	2	1	1
grg	Gurr-goni	Mangrida	1	3	NA	NA	3	1	NA	NA
grj	Guarijío	Uto-Aztecan	3	3	1	1	3	1	2	NA
grk	Greek (Modern)	Indo-European	3	2	2	2	1	1	1	1
grr	Garrwa	Garrwan	3	2	2	1	2	1	3	NA
grw	Greenlandic (West)	Eskimo-Aleut	1	1	1	1	2	6	2	1
gto	Guató	Guató	2	2	2	2	2	1	NA	NA
gua	Guaraní	Tupian	1	2	1	1	2	1	1	NA
gud	Gude	Afro-Asiatic	2	2	2	2	1	4	2	1
gug	Gugada	Pama-Nyungan	1	1	NA	NA	2	2	NA	NA
guh	Guhu-Samane	Trans-New Guinea	1	1	NA	NA	2	NA	NA	NA
guj	Gujarati	Indo-European	1	1	1	NA	1	1	1	NA
gul	Gula (in Central African Republic)	Central Sudanic	1	2	4	2	2	2	2	1
gum	Gumbaynggir	Pama-Nyungan	3	3	NA	3	3	NA	NA	1
gur	Gurung	Sino-Tibetan	1	1	1	1	1	1	2	2
guu	Guugu Yimidhirr	Pama-Nyungan	1	1	NA	3	2	1	2	NA
guw	Gungbe	Niger-Congo	1	2	4	3	2	NA	NA	NA
gwa	Gwari	Niger-Congo	1	3	4	1	2	2	2	1
gwo	Gworok	Niger-Congo	1	2	2	2	NA	2	2	NA
gyc	Gyarong (Cogtse)	Sino-Tibetan	1	1	1	1	2	1	2	2
hai	Haida	Haida	1	1	1	1	2	1	2	3
hak	Hakka	Sino-Tibetan	1	2	NA	NA	NA	1	1	2
hal	Halia	Austronesian	1	2	2	2	2	2	1	1
ham	Hamtai	Trans-New Guinea	1	1	1	NA	2	2	2	NA
han	Hani	Sino-Tibetan	1	1	1	NA	3	2	2	2
har	Haruai	Piawi	1	1	NA	1	2	NA	NA	7
hat	Hatam	West Papuan	1	2	2	1	2	2	2	1
hau	Hausa	Afro-Asiatic	1	2	2	2	1	6	2	1
haw	Hawaiian	Austronesian	2	2	2	2	2	1	1	1
hay	Hayu	Sino-Tibetan	1	1	1	1	1	1	3	2
hdi	Hdi	Afro-Asiatic	2	2	2	2	2	5	2	1
heb	Hebrew (Modern)	Afro-Asiatic	1	2	2	2	2	2	1	1
heh	Hehe	Niger-Congo	1	2	2	NA	2	NA	2	NA
hei	Heiltsuk	Wakashan	2	2	2	2	1	1	NA	1
hem	Hemba	Niger-Congo	1	2	2	NA	2	2	2	NA
hhu	Hanga Hundi	Sepik	1	1	1	1	1	1	3	2
hid	Hidatsa	Siouan	1	1	1	1	2	2	NA	1
hil	Hiligaynon	Austronesian	2	2	2	2	3	1	1	NA
hin	Hindi	Indo-European	1	1	1	1	1	1	1	4
hix	Hixkaryana	Cariban	2	1	1	1	2	NA	1	1
hlp	Hualapai	Hokan	1	1	1	NA	2	6	NA	NA
hlu	Halkomelem (Upriver)	Salishan	2	2	2	NA	1	1	1	NA
hma	Hmar	Sino-Tibetan	1	1	1	1	2	5	2	NA
hmi	Huitoto (Minica)	Huitotoan	1	1	NA	NA	1	1	1	NA
hmo	Hmong Njua	Hmong-Mien	1	2	2	1	2	2	1	1
hna	Mina	Afro-Asiatic	1	2	2	2	2	2	2	1
hnd	Hunde	Niger-Congo	1	2	NA	2	2	2	2	1
ho	Ho	Austro-Asiatic	NA	1	1	1	1	NA	NA	2
hoa	Hoava	Austronesian	2	2	2	2	2	2	1	1
hol	Holoholo	Niger-Congo	1	2	NA	NA	2	6	2	1
hop	Hopi	Uto-Aztecan	1	1	1	1	1	1	1	NA
hpd	Hup	Nadahup	1	1	1	1	2	1	1	2
htc	Huastec	Mayan	2	2	2	2	1	1	1	1
hua	Hua	Trans-New Guinea	1	1	1	1	1	1	1	2
huc	=|Hoan	Kxa	1	2	4	1	2	2	2	1
hui	Huichol	Uto-Aztecan	1	1	NA	1	NA	NA	NA	1
hum	Huitoto (Murui)	Huitotoan	1	1	1	1	1	NA	NA	2
hun	Hungarian	Uralic	1	2	1	1	1	1	1	7
hup	Hupa	Na-Dene	3	3	1	1	2	1	1	1
hve	Huave (San Mateo del Mar)	Huavean	2	2	2	2	1	1	NA	1
hwr	Hawrami	Indo-European	NA	NA	2	NA	2	1	1	1
hya	Haya	Niger-Congo	1	2	2	NA	2	2	2	1
hzb	Hunzib	Nakh-Daghestanian	1	1	1	1	1	1	1	2
iaa	Iaai	Austronesian	2	2	2	2	1	2	1	1
iat	Iatmul	Sepik	1	1	NA	NA	NA	NA	NA	NA
iau	Iau	Lakes Plain	1	1	1	1	NA	2	2	1
iba	Iban	Austronesian	1	2	2	2	2	2	1	1
ice	Icelandic	Indo-European	1	2	2	2	1	1	1	1
idn	Iduna	Austronesian	1	1	1	1	2	1	2	1
ido	Idoma	Niger-Congo	NA	3	NA	NA	NA	2	NA	NA
idu	Idu	Sino-Tibetan	1	1	1	NA	1	1	2	NA
ifm	Ifumu	Niger-Congo	1	2	2	2	2	2	2	NA
ifu	Ifugao (Batad)	Austronesian	2	2	2	2	1	1	1	1
igb	Igbo	Niger-Congo	1	2	2	2	2	2	2	1
ige	Igede	Niger-Congo	1	2	NA	NA	2	2	2	NA
ign	Ignaciano	Arawakan	2	2	2	2	NA	NA	NA	1
igs	Ingessana	Eastern Sudanic	1	2	2	2	2	4	NA	1
iha	Iha	West Bomberai	1	1	NA	NA	NA	NA	NA	NA
ijo	Ijo (Kolokuma)	Ijoid	1	1	NA	1	1	1	1	2
ik	Ik	Eastern Sudanic	2	2	2	3	2	4	2	1
ika	Ika	Chibchan	1	1	1	1	2	NA	3	3
ila	Ila	Niger-Congo	1	2	2	2	2	2	NA	1
ilo	Ilocano	Austronesian	2	2	2	NA	1	1	NA	NA
imo	Imonda	Border	1	1	1	1	2	6	2	7
ina	Inanwatan	Marind	1	3	1	1	2	NA	2	NA
ind	Indonesian	Austronesian	1	2	2	2	2	2	1	1
ing	Ingush	Nakh-Daghestanian	1	NA	1	1	1	1	1	2
inn	Innamincka	Pama-Nyungan	1	1	1	NA	2	2	2	NA
iqu	Iquito	Zaparoan	1	2	1	1	2	1	1	NA
iri	Irish	Indo-European	2	2	2	2	2	2	1	1
irq	Iraqw	Afro-Asiatic	1	1	2	2	2	2	2	1
irr	Irarutu	Austronesian	1	2	2	1	2	2	2	NA
irx	Iranxe	Iranxe	1	1	NA	1	2	NA	2	NA
isa	I'saka	Skou	1	1	4	2	2	2	2	1
isi	Isirawa	Kwerba	1	1	NA	NA	NA	NA	NA	NA
ita	Italian	Indo-European	3	2	2	2	2	1	1	1
ite	Itelmen	Chukotko-Kamchatkan	1	1	5	3	3	1	1	NA
ito	Itonama	Itonama	1	2	NA	3	3	1	NA	NA
iwa	Iwaidja	Iwaidjan	1	2	4	1	1	1	1	NA
iwm	Iwam	Sepik	1	1	NA	NA	NA	NA	2	NA
ixi	Ixil	Mayan	2	2	2	NA	NA	NA	NA	NA
izi	Izi	Niger-Congo	1	2	2	2	3	2	3	1
jab	Jabêm	Austronesian	1	2	4	1	2	2	2	1
jad	Jad	Sino-Tibetan	1	1	NA	NA	2	NA	2	NA
jak	Jakaltek	Mayan	2	2	2	2	1	2	1	1
jam	Jaminjung	Mirndi	3	3	NA	NA	3	6	3	NA
jaq	Jaqaru	Aymaran	NA	NA	NA	1	1	1	1	NA
jar	Jarawa (in Nigeria)	Niger-Congo	1	2	2	2	2	2	NA	NA
jbt	Jabutí	Jabutí	1	1	1	NA	2	1	NA	NA
jeb	Jebero	Cahuapanan	3	3	NA	2	1	1	NA	1
jel	Jeli	Mande	NA	NA	1	1	2	NA	2	NA
jin	Jino	Sino-Tibetan	1	1	1	NA	2	NA	NA	NA
jiv	Jivaro	Jivaroan	1	1	NA	1	1	NA	1	NA
jlu	Luwo	Eastern Sudanic	NA	NA	2	2	2	NA	NA	NA
jmo	Jur Mödö	Central Sudanic	1	2	2	2	2	2	NA	1
jms	Jamsay	Dogon	1	1	1	1	2	2	2	7
jng	Jingpho	Sino-Tibetan	1	1	1	1	2	1	2	2
joh	Johari	Sino-Tibetan	1	1	1	NA	1	1	1	NA
jpn	Japanese	Japanese	1	1	1	1	1	1	1	2
jrw	Jarawa (in Andamans)	South Andamanese	1	1	NA	NA	2	NA	NA	NA
jug	Jugli	Sino-Tibetan	NA	1	1	NA	3	6	NA	NA
juh	Ju|'hoan	Kxa	1	2	1	1	2	2	2	1
juk	Jukun	Niger-Congo	1	2	2	2	2	2	2	1
jva	Karajá	Macro-Ge	1	1	1	1	2	1	3	NA
jwr	Jarawara	Arauan	1	1	NA	NA	NA	NA	NA	NA
kaa	Karó (Arára)	Tupian	1	1	1	1	2	1	4	NA
kab	Kabardian	Northwest Caucasian	1	1	1	1	NA	1	NA	2
kac	Kachari	Sino-Tibetan	1	1	1	NA	3	1	2	NA
kad	Kadugli	Kadu	1	2	NA	2	NA	2	NA	NA
kae	Kaki Ae	Eleman	1	1	NA	1	2	1	2	NA
kam	Kambera	Austronesian	2	2	2	NA	2	NA	NA	1
kan	Kana	Niger-Congo	1	2	2	2	3	2	1	1
kar	Kara (in Central African Republic)	Central Sudanic	1	2	2	2	2	2	2	1
kas	Kashmiri	Indo-European	1	2	1	1	1	1	1	7
kau	Kaulong	Austronesian	1	2	2	3	2	2	2	1
kay	Kayardild	Tangkic	1	3	5	1	1	1	1	1
kba	Kamba	Niger-Congo	1	2	NA	2	2	2	NA	NA
kbl	Kabyle	Afro-Asiatic	2	2	2	2	2	NA	NA	1
kbo	Kambot	Lower Sepik-Ramu	1	1	1	NA	2	NA	NA	NA
kbt	Kabatei	Indo-European	NA	1	1	1	1	1	1	1
kbu	Kanembu	Saharan	1	1	NA	2	NA	NA	NA	NA
kbw	Karen (Bwe)	Sino-Tibetan	1	2	2	1	2	2	2	1
kby	Kabiyé	Niger-Congo	1	2	2	1	2	NA	NA	NA
kch	Koyra Chiini	Songhay	1	2	1	1	2	2	2	1
kdw	Kadiwéu	Guaicuruan	1	2	5	3	NA	NA	NA	NA
kdz	Kadazan	Austronesian	2	2	2	2	2	6	1	NA
kel	Kele	Austronesian	1	2	2	2	2	2	2	1
kem	Kemant	Afro-Asiatic	1	1	1	1	1	1	NA	2
ken	Kenga	Central Sudanic	1	2	4	2	NA	2	2	1
ker	Kera	Afro-Asiatic	1	2	2	2	2	2	2	1
ket	Ket	Yeniseian	1	1	1	1	1	1	1	NA
kew	Kewa	Trans-New Guinea	1	1	1	1	1	1	2	7
kfe	Koromfe	Niger-Congo	1	2	4	1	2	2	2	1
kga	Kinga	Niger-Congo	1	2	2	2	2	NA	2	NA
kgr	Kagulu	Niger-Congo	NA	2	2	NA	2	2	2	1
kgu	Kalkatungu	Pama-Nyungan	1	1	NA	1	2	NA	1	NA
kgy	Kyirong	Sino-Tibetan	1	1	1	1	2	1	2	2
kgz	Kirghiz	Altaic	NA	NA	1	NA	1	NA	1	NA
kha	Khalkha	Altaic	1	1	1	1	1	1	1	2
khd	Kham (Dege)	Sino-Tibetan	1	1	1	1	2	2	2	2
khg	Khaling	Sino-Tibetan	1	1	NA	1	1	1	1	2
khi	Khinalug	Nakh-Daghestanian	NA	NA	NA	1	1	NA	NA	NA
khl	Khalaj	Altaic	1	1	1	1	1	1	1	1
khm	Khmer	Austro-Asiatic	1	2	2	2	2	2	2	1
khn	Khün	Tai-Kadai	1	2	NA	NA	NA	2	NA	NA
kho	Khoekhoe	Khoe-Kwadi	1	1	1	1	1	1	1	2
khr	Kharia	Austro-Asiatic	1	1	1	NA	NA	1	1	7
khs	Khasi	Austro-Asiatic	1	2	2	2	2	1	1	1
khw	Khowar	Indo-European	1	1	1	1	1	NA	NA	2
kie	Kire	Lower Sepik-Ramu	1	1	1	NA	2	3	2	NA
kik	Kikuyu	Niger-Congo	1	2	2	2	2	2	NA	1
kil	Kiluba	Niger-Congo	1	2	2	NA	NA	NA	NA	NA
kim	Kimaghama	Kolopom	1	1	1	1	NA	NA	2	NA
kin	Kinyarwanda	Niger-Congo	1	2	2	NA	2	1	2	NA
kio	Kiowa	Kiowa-Tanoan	1	1	5	1	NA	1	1	3
kir	Kirma	Niger-Congo	1	2	1	1	2	2	2	1
kis	Kisi	Niger-Congo	1	3	2	2	2	2	2	1
kiw	 Kiwai (Southern)	Kiwaian	1	1	1	1	1	1	1	NA
kje	Koreguaje	Tucanoan	2	2	1	1	2	NA	2	1
kkp	Karakalpak	Altaic	1	1	1	1	1	1	1	2
kkq	Kuikúro	Cariban	1	1	1	1	NA	NA	NA	5
kkt	Kokota	Austronesian	2	2	2	2	2	1	1	1
kku	Korku	Austro-Asiatic	1	1	1	1	1	1	1	2
kkv	Lusi	Austronesian	1	2	2	1	2	2	2	NA
kkw	Karankawa	Karankawa	NA	3	NA	NA	NA	1	NA	NA
kla	Klao	Niger-Congo	1	2	NA	1	3	NA	NA	NA
klg	Kulung	Sino-Tibetan	1	1	NA	1	1	NA	NA	7
kll	Kaluli	Bosavi	1	1	1	1	2	NA	NA	NA
klm	Klamath	Penutian	3	3	1	1	1	1	1	1
klq	Kalam	Trans-New Guinea	1	1	1	1	2	2	2	NA
klr	Koluri	Indo-European	NA	1	1	1	1	1	1	1
kls	Kalispel	Salishan	2	2	NA	2	NA	1	NA	NA
klv	Kilivila	Austronesian	2	2	2	1	2	2	1	1
klw	Kiliwa	Hokan	1	1	5	NA	2	4	NA	1
kma	Kamaiurá	Tupian	1	1	1	1	2	1	1	1
kmb	Kombai	Trans-New Guinea	1	1	1	1	2	2	2	6
kmh	Kham	Sino-Tibetan	1	1	1	1	1	1	1	2
kmi	Kami	Niger-Congo	NA	NA	2	NA	2	NA	2	NA
kmj	Karimojong	Eastern Sudanic	2	2	2	2	2	2	2	1
kmk	Kalmyk	Altaic	1	1	1	1	1	NA	NA	2
kmn	Kuman	Trans-New Guinea	1	1	1	NA	2	1	2	NA
kmo	Koiali (Mountain)	Trans-New Guinea	1	1	1	1	2	2	2	NA
kmp	Kunimaipa	Trans-New Guinea	1	1	NA	1	2	2	2	NA
kmr	Kamoro	Trans-New Guinea	1	1	NA	3	NA	NA	2	NA
kms	Kamass	Uralic	1	1	1	1	1	1	NA	NA
kmu	Khmu'	Austro-Asiatic	1	2	2	2	2	2	2	NA
kmw	Kamu	Eastern Daly	1	3	1	NA	2	2	NA	NA
kmz	Kamasau	Torricelli	1	1	1	1	2	2	2	7
knb	Kanum (Bädi)	Morehead and Upper Maro Rivers	1	1	1	1	NA	NA	1	NA
knc	Kugu Nganhcara	Pama-Nyungan	1	1	1	2	2	2	2	1
knd	Kannada	Dravidian	1	1	1	1	1	1	1	7
kng	Kaingang	Macro-Ge	1	1	1	1	2	NA	NA	NA
kni	Konni	Niger-Congo	1	2	4	1	NA	2	2	1
knk	Kanakuru	Afro-Asiatic	1	2	2	2	3	2	2	1
knm	Kunama	Kunama	1	1	1	1	2	2	2	1
knn	Kinnauri	Sino-Tibetan	1	1	1	1	1	1	1	NA
kno	Kanoê	Kapixana	1	1	NA	1	2	1	1	NA
knr	Kanuri	Saharan	1	1	1	2	2	2	2	1
knw	Konkow	Penutian	1	1	NA	1	NA	3	NA	NA
knz	Kham (Tibetan) (Nangchen)	Sino-Tibetan	1	1	1	1	2	2	2	1
koa	Koasati	Muskogean	1	1	1	1	2	1	2	7
kob	Kobon	Trans-New Guinea	1	1	1	1	2	2	2	7
koe	Koegu	Eastern Sudanic	1	2	2	2	2	2	2	1
kok	Kokborok	Sino-Tibetan	1	1	1	1	2	1	2	NA
kol	Kolami	Dravidian	1	1	1	1	1	1	1	2
kom	Komo	Koman	1	2	NA	2	2	2	NA	NA
kon	Kongo	Niger-Congo	1	2	2	2	2	2	2	NA
kop	Komi-Permyak	Uralic	NA	1	1	1	1	NA	1	NA
kor	Korean	Korean	1	1	1	1	1	1	1	2
kos	Kosraean	Austronesian	1	2	2	2	2	2	2	1
koy	Koya	Dravidian	1	1	NA	1	1	1	1	2
kpe	Kpelle	Mande	NA	NA	NA	1	2	2	2	NA
kpm	Kapampangan	Austronesian	2	2	2	2	3	NA	1	1
kpo	Kposo	Niger-Congo	NA	NA	1	NA	NA	NA	NA	NA
kpw	Karen (Pwo)	Sino-Tibetan	1	2	2	1	2	2	2	1
kqq	Krenak	Macro-Ge	1	1	NA	1	2	2	2	NA
krb	Kiribati	Austronesian	2	2	2	2	2	2	1	1
krc	Karachay-Balkar	Altaic	1	1	1	1	1	1	1	2
krd	Kurdish (Central)	Indo-European	1	1	2	2	2	6	1	1
kre	Kresh	Central Sudanic	1	2	2	2	1	NA	1	1
krh	Krahô	Macro-Ge	1	1	1	NA	2	NA	NA	NA
kri	Kipea	Kariri	2	2	2	2	2	1	1	1
krj	Karadjeri	Pama-Nyungan	NA	NA	1	3	3	NA	NA	NA
krk	Karok	Karok	1	3	1	1	2	1	1	NA
krn	Korana	Khoe-Kwadi	3	1	1	1	1	1	1	7
kro	Krongo	Kadu	2	2	NA	2	2	2	2	1
krr	Kairiru	Austronesian	1	1	4	2	2	2	2	1
krw	Korowai	Trans-New Guinea	1	1	NA	1	1	1	NA	7
kry	Koryak	Chukotko-Kamchatkan	1	1	1	1	1	1	NA	NA
krz	Kryz	Nakh-Daghestanian	1	1	NA	1	1	1	1	NA
ksa	Keresan (Santa Ana)	Keresan	1	1	1	1	NA	1	NA	NA
kse	Koyraboro Senni	Songhay	1	1	1	1	2	2	2	1
ksg	Karen (Sgaw)	Sino-Tibetan	1	2	2	1	2	2	2	1
ksn	Kasong	Austro-Asiatic	1	2	NA	NA	2	2	2	NA
kta	Koita	Trans-New Guinea	1	1	NA	1	2	2	2	NA
ktc	Katcha	Kadu	1	2	NA	2	2	2	2	1
kte	Kete	Niger-Congo	1	2	2	NA	2	2	2	1
kti	Kati (in West Papua, Indonesia)	Trans-New Guinea	1	1	1	1	NA	NA	2	NA
ktl	Katla	Kordofanian	1	2	NA	2	2	2	NA	1
ktu	Katu	Austro-Asiatic	NA	NA	2	2	2	2	1	NA
kty	Khanty	Uralic	1	1	1	1	1	1	1	2
kum	Kumauni	Indo-European	1	1	1	1	1	1	1	NA
kun	Kuna	Chibchan	1	1	1	3	NA	NA	NA	NA
kuo	Kuot	Kuot	2	2	2	2	2	1	1	1
kus	Kusunda	Kusunda	1	1	1	NA	NA	NA	NA	NA
kut	Kutenai	Kutenai	2	2	5	2	4	1	1	3
kuu	Kuuku Ya'u	Pama-Nyungan	1	1	NA	NA	2	2	2	NA
kuv	Kuvi	Dravidian	1	1	1	1	1	1	1	2
kwa	Kwaio	Austronesian	1	2	2	NA	2	2	1	NA
kwb	Kwerba	Kwerba	NA	1	1	NA	2	NA	2	NA
kwk	Kwakw'ala	Wakashan	3	2	2	2	1	NA	NA	NA
kwm	Kwami	Afro-Asiatic	NA	NA	2	2	2	NA	NA	NA
kwn	Kwangali	Niger-Congo	1	2	2	2	2	2	2	1
kwo	Kwoma	Sepik	1	1	1	1	1	1	1	2
kws	Kawaiisu	Uto-Aztecan	3	3	1	3	1	6	NA	1
kwt	Kwomtari	Kwomtari-Baibai	1	1	1	1	3	1	2	2
kwy	Iwoyo	Niger-Congo	1	2	2	NA	2	2	3	NA
kwz	Kwaza	Kwaza	1	1	5	1	2	NA	NA	1
kxo	Kxoe	Khoe-Kwadi	1	1	1	1	1	1	1	NA
kya	Kuku-Yalanji	Pama-Nyungan	1	1	2	3	2	6	1	5
kyk	Kyaka	Trans-New Guinea	1	1	1	NA	2	2	2	NA
kyl	Kayah Li (Eastern)	Sino-Tibetan	1	2	4	1	2	2	2	1
kyn	Koyukon	Na-Dene	1	1	1	1	2	1	3	NA
kyo	Kanyok	Niger-Congo	NA	NA	2	2	2	2	2	1
kyp	Kayapó	Macro-Ge	1	1	NA	NA	NA	NA	NA	NA
kyq	Kyuquot	Wakashan	2	2	2	NA	NA	NA	NA	1
kyr	Karkar-Yuri	Karkar-Yuri	1	1	1	1	3	1	NA	NA
kyz	Kayabí	Tupian	1	1	1	1	2	NA	1	NA
kzy	Komi-Zyrian	Uralic	1	2	1	1	1	NA	1	NA
laa	Laal	Laal	1	2	2	2	2	2	NA	NA
lab	Labu	Austronesian	1	2	2	1	2	2	2	1
lac	Lacandón	Mayan	3	2	2	2	1	1	1	NA
lad	Ladakhi	Sino-Tibetan	1	1	1	1	2	1	2	NA
laf	Lafofa	Kordofanian	NA	1	NA	3	3	NA	NA	NA
lag	Lagwan	Afro-Asiatic	1	2	2	2	2	4	2	NA
lah	Lahu	Sino-Tibetan	1	1	1	1	3	2	2	2
lai	Lai	Sino-Tibetan	1	1	1	1	3	5	2	7
lak	Lak	Nakh-Daghestanian	1	1	1	NA	1	NA	NA	NA
lal	Lalo	Sino-Tibetan	1	1	1	1	2	2	2	7
lan	Lango	Eastern Sudanic	1	2	2	2	2	2	2	1
lao	Lao	Tai-Kadai	1	2	2	2	2	2	2	1
lar	Laragia	Darwin Region	1	1	1	2	2	NA	2	NA
lat	Latvian	Indo-European	3	2	2	1	1	1	1	1
lav	Lavukaleve	Solomons East Papuan	1	1	1	1	2	NA	2	3
lbu	Lunda	Niger-Congo	1	2	2	2	2	6	2	1
lda	Luganda	Niger-Congo	1	NA	2	2	2	2	2	1
ldo	Londo	Niger-Congo	1	2	2	2	2	2	2	NA
ldu	Lendu	Central Sudanic	1	3	1	1	1	1	1	7
leb	Lebeo	Niger-Congo	1	2	2	NA	2	2	2	NA
lec	Leko	Leko	1	3	NA	NA	NA	1	1	NA
leg	Lega	Niger-Congo	1	2	NA	NA	NA	NA	NA	1
lel	Lele	Afro-Asiatic	1	2	2	3	2	2	2	1
len	Lenakel	Austronesian	1	2	2	2	2	2	2	1
lep	Lepcha	Sino-Tibetan	1	1	1	1	2	1	2	NA
les	Lese	Central Sudanic	1	3	NA	3	2	2	2	NA
let	Leti	Austronesian	1	2	2	1	2	2	2	1
lew	Lewo	Austronesian	1	2	2	2	2	2	2	1
lez	Lezgian	Nakh-Daghestanian	1	1	1	1	1	1	1	2
lgi	Langi	Niger-Congo	1	2	2	2	2	2	2	NA
lgt	Logoti	Central Sudanic	1	3	1	1	2	2	2	1
lgu	Longgu	Austronesian	2	2	2	2	2	2	1	1
lho	Lhomi	Sino-Tibetan	1	1	1	NA	NA	2	NA	NA
lic	Hlai (Baoding)	Tai-Kadai	1	2	2	NA	2	2	1	NA
lil	Lillooet	Salishan	2	2	2	2	1	1	NA	NA
lim	Limbu	Sino-Tibetan	1	1	NA	1	1	1	1	2
lin	Lingala	Niger-Congo	1	2	NA	2	2	NA	NA	NA
lis	Lisu	Sino-Tibetan	1	1	1	1	2	2	2	2
lit	Lithuanian	Indo-European	1	2	2	1	1	1	1	1
lkt	Lakhota	Siouan	1	1	1	3	2	6	2	3
llm	Lelemi	Niger-Congo	1	2	1	1	2	2	2	NA
lmb	Lamba	Niger-Congo	NA	NA	2	2	2	6	NA	NA
lmg	Lamang	Afro-Asiatic	2	2	2	2	2	6	2	1
lmh	Lamaholot	Austronesian	1	2	4	3	2	2	2	1
lml	Limilngan	Darwin Region	3	3	NA	NA	2	6	2	NA
lmn	Lamani	Indo-European	1	1	1	1	1	1	1	2
lmp	Lampung	Austronesian	1	2	2	2	2	2	1	1
lmu	Lamen	Austronesian	1	2	NA	2	3	NA	2	1
lnd	Linda	Niger-Congo	1	2	2	2	1	2	2	1
lng	Lengua	Mascoian	NA	NA	NA	1	NA	NA	NA	NA
lon	Loniu	Austronesian	1	2	2	2	2	2	2	1
lot	Lotha	Sino-Tibetan	1	1	1	1	2	2	2	NA
lou	Lou	Austronesian	1	2	2	2	2	2	NA	NA
luc	Lucazi	Niger-Congo	1	2	NA	NA	2	NA	NA	NA
lug	Lugbara	Central Sudanic	1	3	1	1	2	2	2	1
lui	Luiseño	Uto-Aztecan	1	3	1	1	2	1	1	1
lul	Lule	Lule	NA	NA	NA	1	NA	NA	NA	NA
lun	Lungchang	Sino-Tibetan	NA	1	1	NA	3	1	NA	NA
luo	Luo	Eastern Sudanic	1	2	2	2	2	2	2	1
luv	Luvale	Niger-Congo	1	2	2	2	2	2	2	1
luy	Luyia	Niger-Congo	NA	NA	NA	NA	2	2	NA	NA
ma	Ma	Niger-Congo	1	2	NA	2	1	6	2	NA
maa	Maasai	Eastern Sudanic	2	2	2	2	2	1	2	1
mab	Maba	Maban	1	1	1	3	2	2	2	1
mac	Macushi	Cariban	3	1	1	1	2	1	1	7
mad	Ma'di	Central Sudanic	1	3	1	3	2	2	2	1
mae	Mae	Austronesian	1	2	2	2	2	2	2	NA
mag	Magar	Sino-Tibetan	1	1	1	1	NA	NA	1	NA
mai	Maithili	Indo-European	1	1	1	NA	1	1	1	7
maj	Majang	Eastern Sudanic	2	2	1	2	1	2	2	1
mak	Makah	Wakashan	2	2	4	3	3	1	3	7
mal	Malagasy	Austronesian	2	2	2	2	2	5	2	1
mam	Mam	Mayan	2	2	2	2	3	1	1	1
man	Mano	Mande	1	1	1	1	2	NA	2	NA
mao	Maori	Austronesian	2	2	2	2	2	6	2	1
map	Mapudungun	Araucanian	2	2	4	1	1	1	1	NA
mar	Maricopa	Hokan	1	1	1	1	2	2	2	7
mas	Masa	Afro-Asiatic	1	2	2	2	2	NA	2	1
mau	Maung	Iwaidjan	1	2	2	1	1	1	1	1
maw	Maninka (Western)	Mande	1	1	1	1	2	2	2	1
max	Maxakalí	Macro-Ge	1	1	1	NA	NA	NA	NA	NA
may	Maybrat	West Papuan	1	2	2	3	2	2	2	1
mba	Mba	Niger-Congo	1	2	NA	1	2	4	2	NA
mbe	Mbere	Niger-Congo	1	2	2	NA	2	2	2	NA
mbi	Mbili	Niger-Congo	1	2	NA	NA	2	2	NA	NA
mbl	Mbole	Niger-Congo	NA	2	NA	2	2	2	2	NA
mbm	Mbum	Niger-Congo	1	2	2	2	2	2	2	1
mbo	Monumbo	Monumbo	1	1	1	1	2	NA	NA	NA
mbr	Mbara	Afro-Asiatic	1	2	4	2	2	2	2	1
mbt	Mangbetu	Central Sudanic	1	2	NA	3	2	4	2	NA
mby	Mbay	Central Sudanic	1	2	4	2	2	2	2	1
mcc	Mochica	Chimúan	NA	NA	1	1	1	NA	NA	NA
mcd	Macedonian	Indo-European	1	2	2	3	1	1	NA	NA
mch	Machiguenga	Arawakan	2	2	NA	2	3	6	NA	NA
mco	Mixe (Coatlán)	Mixe-Zoque	NA	NA	2	1	1	1	1	1
mcv	Mocoví	Guaicuruan	2	2	NA	3	3	1	1	1
mda	Mada (in Cameroon)	Afro-Asiatic	1	2	NA	2	2	2	2	NA
mde	Mende	Mande	1	1	1	1	2	2	2	NA
mdg	Mundang	Niger-Congo	1	2	2	2	2	2	2	1
mdl	Matngele	Eastern Daly	1	1	1	NA	2	NA	2	NA
mdm	Madimadi	Pama-Nyungan	3	2	2	1	1	1	NA	NA
mdn	Mandan	Siouan	1	1	1	1	2	4	2	NA
mdo	Mbodomo	Niger-Congo	1	2	2	2	1	2	2	1
mds	Manadonese	Austronesian	1	2	2	NA	2	1	1	1
mdw	Mbosi	Niger-Congo	1	2	NA	2	2	2	2	NA
mea	Meyah	East Bird's Head	1	2	2	1	2	2	2	1
mee	Me'en	Eastern Sudanic	1	2	NA	2	2	4	2	1
meh	Mehri	Afro-Asiatic	3	2	2	2	2	NA	3	1
mei	Meithei	Sino-Tibetan	1	1	1	1	3	2	2	2
mek	Mekens	Tupian	1	1	1	1	2	1	NA	5
mem	Manem	Border	1	1	NA	NA	NA	NA	NA	NA
men	Menomini	Algic	3	3	5	1	3	1	1	1
mer	Meryam Mir	Western Fly	1	1	NA	1	1	NA	1	NA
mey	Menya	Trans-New Guinea	1	1	1	1	2	2	2	NA
mga	Mondunga	Niger-Congo	1	2	2	2	2	NA	2	1
mgg	Mangghuer	Altaic	1	1	1	1	1	1	1	2
mgh	Magahi	Indo-European	1	1	1	NA	NA	NA	NA	NA
mgi	Magi	Trans-New Guinea	1	1	1	NA	NA	1	2	NA
mgk	Mungaka	Niger-Congo	1	2	NA	NA	2	NA	3	NA
mgo	Mongo	Niger-Congo	1	2	2	2	2	2	2	1
mgq	Mango	Central Sudanic	1	NA	NA	2	2	2	2	1
mgu	Musgu	Afro-Asiatic	1	2	2	2	2	2	2	1
mhi	Marathi	Indo-European	1	1	1	1	1	1	1	2
mhk	Mehek	Sepik	NA	NA	NA	NA	2	NA	NA	NA
mhl	Miri (Hill):	Sino-Tibetan	NA	NA	NA	NA	2	5	2	NA
mhu	Mbalanhu	Niger-Congo	1	2	NA	NA	NA	NA	NA	NA
mie	Mien	Hmong-Mien	1	2	5	1	2	1	1	NA
mig	Migama	Afro-Asiatic	NA	NA	2	NA	NA	NA	NA	NA
mii	Miisiirii	Eastern Sudanic	1	1	NA	1	2	NA	NA	NA
mij	Miju	Sino-Tibetan	1	1	NA	NA	2	NA	2	NA
mik	Mikir	Sino-Tibetan	1	1	1	1	3	1	3	NA
mil	Milang	Sino-Tibetan	1	1	NA	NA	1	5	NA	NA
min	Minangkabau	Austronesian	3	3	2	2	2	2	1	1
mir	Miriwung	Jarrakan	NA	NA	NA	NA	3	NA	NA	NA
mis	Miskito	Misumalpan	1	1	1	1	2	1	1	NA
miy	Miya	Afro-Asiatic	3	2	2	2	2	1	2	1
miz	Mizo	Sino-Tibetan	1	1	1	1	2	5	2	NA
mka	Mauka	Mande	1	1	1	1	2	2	2	4
mkd	Makonde	Niger-Congo	1	2	NA	NA	2	NA	2	NA
mke	Mekeo	Austronesian	1	1	1	1	2	6	NA	NA
mkg	Mandinka (Gambian)	Mande	1	1	1	1	2	1	2	NA
mkh	Mongol (Khamnigan)	Altaic	1	1	NA	NA	NA	NA	NA	NA
mki	Mikasuki	Muskogean	1	1	NA	NA	NA	NA	NA	NA
mkj	Makasae	Timor-Alor-Pantar	1	1	1	3	2	2	NA	1
mkl	Maklew	Bulaka River	1	1	1	1	NA	NA	2	NA
mko	Mokilko	Afro-Asiatic	NA	NA	2	NA	NA	NA	NA	NA
mkq	Mankon	Niger-Congo	1	2	NA	NA	NA	2	NA	NA
mku	Maranungku	Western Daly	1	1	1	1	2	2	2	NA
mkz	Makaa	Niger-Congo	1	2	NA	NA	2	2	NA	NA
mla	Mambila	Niger-Congo	1	2	NA	2	2	NA	NA	NA
mlg	Malgwa	Afro-Asiatic	1	2	2	2	2	2	2	1
mlk	Malakmalak	Northern Daly	1	1	NA	3	2	2	2	NA
mlm	Mlabri (Minor)	Austro-Asiatic	1	2	2	1	2	2	NA	NA
mlu	Maleu	Austronesian	1	2	2	3	2	2	2	1
mmb	Mangap-Mbula	Austronesian	1	2	2	3	2	2	NA	1
mme	Mari (Meadow)	Uralic	NA	1	1	1	1	NA	NA	NA
mmi	Mambai	Niger-Congo	NA	NA	2	NA	NA	NA	2	NA
mmn	Mamanwa	Austronesian	2	2	2	2	3	1	1	1
mmv	Mamvu	Central Sudanic	1	2	NA	3	2	2	2	NA
mmw	Mambwe	Niger-Congo	NA	NA	NA	NA	2	NA	2	NA
mna	Muna	Austronesian	2	2	2	2	2	2	1	1
mnc	Manchu	Altaic	1	1	1	NA	1	NA	NA	NA
mnd	Mandarin	Sino-Tibetan	1	2	4	1	1	1	1	2
mne	Maidu (Northeast)	Penutian	1	1	NA	1	1	1	NA	2
mng	Manggarai	Austronesian	1	2	2	2	2	2	1	1
mni	Moni	Trans-New Guinea	1	1	NA	1	NA	NA	2	NA
mnm	Manam	Austronesian	1	1	1	2	2	2	2	1
mno	Mono (in United States)	Uto-Aztecan	1	1	1	1	NA	4	NA	1
mns	Mansi	Uralic	1	1	1	1	1	1	1	2
mnt	Mentawai	Austronesian	2	NA	NA	2	NA	2	NA	NA
mnv	Minaveha	Austronesian	1	1	1	1	2	4	2	NA
mny	Margany	Pama-Nyungan	1	1	NA	1	NA	NA	NA	NA
mnz	Munzombo	Niger-Congo	NA	NA	2	2	1	2	2	NA
moa	Mono-Alu	Austronesian	3	3	4	3	2	1	3	1
moe	Mordvin (Erzya)	Uralic	1	2	1	NA	1	NA	NA	NA
mof	Mofu-Gudur	Afro-Asiatic	1	2	2	2	2	2	2	1
mog	Moghol	Altaic	1	1	NA	NA	NA	NA	NA	NA
moh	Mohawk	Iroquoian	3	3	NA	1	NA	1	1	NA
mok	Mokilese	Austronesian	3	2	2	3	2	2	2	1
mom	Mombum	Mombum	1	1	1	1	NA	NA	2	NA
mon	Mon	Austro-Asiatic	1	2	2	2	2	2	2	NA
moo	Mooré	Niger-Congo	1	2	4	1	2	4	2	NA
mor	Mor	Austronesian	1	2	2	1	2	2	2	NA
mos	Mosetén	Mosetenan	1	2	NA	1	3	NA	NA	1
mot	Motuna	East Bougainville	1	1	NA	1	2	1	2	1
mou	Moru	Central Sudanic	1	3	1	2	2	2	2	1
mov	Movima	Movima	2	2	2	NA	NA	NA	NA	NA
mpa	Murrinh-Patha	Southern Daly	1	1	4	2	2	2	NA	7
mpo	Mpongwe	Niger-Congo	3	2	NA	NA	2	2	2	NA
mpr	Maipure	Arawakan	3	2	1	1	2	NA	1	1
mpt	Mian	Trans-New Guinea	1	1	1	1	2	2	2	3
mpu	Mpur	West Papuan	1	2	2	NA	2	2	2	1
mqf	Momuna	Trans-New Guinea	1	1	1	NA	NA	NA	NA	NA
mra	Mara	Mangarrayi-Maran	3	3	2	3	2	1	NA	NA
mrc	Marchha	Sino-Tibetan	1	1	NA	NA	1	1	1	NA
mrd	Marind	Marind	1	1	1	1	NA	NA	3	NA
mrg	Margi	Afro-Asiatic	1	2	2	2	2	2	2	1
mrh	Marrithiyel	Western Daly	1	1	1	NA	2	NA	2	NA
mri	Moraori	Moraori	1	1	1	1	NA	NA	2	NA
mrl	Murle	Eastern Sudanic	2	2	4	2	2	2	2	1
mro	Moro	Kordofanian	1	2	4	2	2	2	2	1
mrq	Marquesan	Austronesian	2	2	2	2	2	6	1	1
mrr	Maringarr	Western Daly	1	1	NA	1	2	NA	2	NA
mrs	Mairasi	Trans-New Guinea	1	1	NA	NA	NA	NA	NA	NA
mrt	Martuthunira	Pama-Nyungan	1	2	5	3	2	1	1	5
mru	Maru	Sino-Tibetan	1	1	1	1	2	1	2	2
mrw	Muruwari	Pama-Nyungan	1	3	NA	1	1	NA	NA	NA
msc	Muisca	Chibchan	1	1	NA	1	2	1	2	NA
msg	Mising	Sino-Tibetan	1	1	1	1	1	1	2	2
msk	Masakin	Kordofanian	3	2	NA	2	2	4	2	1
msl	Masalit	Maban	1	1	NA	2	2	NA	2	1
msm	Musom	Austronesian	1	2	2	NA	2	2	2	1
msn	Maisin	Austronesian	1	1	1	1	2	2	NA	3
msq	Musqueam	Salishan	2	2	2	2	1	1	1	NA
mss	Miwok (Southern Sierra)	Penutian	1	3	NA	3	3	1	1	NA
mtb	Matuumbi	Niger-Congo	1	2	NA	2	2	2	2	NA
mto	Malto	Dravidian	1	1	NA	NA	1	1	1	NA
mts	Matis	Panoan	1	1	NA	1	2	NA	2	NA
mtt	Massachusett	Algic	3	3	2	2	NA	1	NA	NA
mtu	Motu	Austronesian	1	1	1	1	2	NA	NA	NA
mua	Makua	Niger-Congo	1	2	2	2	2	6	2	NA
mud	Mundani	Niger-Congo	NA	NA	NA	2	2	2	2	1
mui	Muinane	Huitotoan	1	1	NA	NA	NA	NA	NA	NA
mum	Mumuye	Niger-Congo	1	2	2	3	2	2	2	1
mun	Mundari	Austro-Asiatic	1	1	1	1	1	1	1	2
mup	Mupun	Afro-Asiatic	1	2	2	2	2	2	2	1
mur	Mursi	Eastern Sudanic	1	2	NA	2	2	4	2	1
mus	Mussau	Austronesian	1	2	2	2	1	2	1	1
mut	Mutsun	Penutian	3	2	NA	1	NA	1	NA	1
muu	Mundurukú	Tupian	1	1	1	NA	NA	NA	NA	NA
mwb	Manobo (Western Bukidnon)	Austronesian	2	2	2	2	1	1	NA	NA
mwe	Mwera	Niger-Congo	1	2	5	2	2	NA	2	NA
mwo	Mwotlap	Austronesian	1	2	NA	NA	2	2	2	1
mxa	Mixtec (Atatlahuca)	Oto-Manguean	NA	NA	2	2	2	NA	NA	NA
mxc	Mixtec (Chalcatongo)	Oto-Manguean	2	2	2	2	2	2	1	1
mxe	Ifira-Mele	Austronesian	1	2	NA	3	2	2	2	1
mxj	Mixtec (Jicaltepec)	Oto-Manguean	2	2	2	NA	2	2	1	NA
mxo	Mixtec (Ocotepec)	Oto-Manguean	2	2	2	2	2	2	1	1
mxp	Mixtec (Peñoles)	Oto-Manguean	2	2	2	2	2	4	1	1
mxx	Mixe (Ayutla)	Mixe-Zoque	3	3	NA	1	1	1	1	NA
mxy	Mixtec (Yosondúa)	Oto-Manguean	2	2	2	2	2	2	1	1
myg	Mayogo	Niger-Congo	1	2	2	2	1	2	2	1
myi	Mangarrayi	Mangarrayi-Maran	1	1	2	3	2	1	3	1
mym	Malayalam	Dravidian	1	1	NA	1	1	1	1	2
myn	Ma'anyan	Austronesian	1	2	NA	2	2	2	2	1
myr	Matsés	Panoan	1	1	1	1	2	NA	NA	NA
mzc	Mazatec (Chiquihuitlán)	Oto-Manguean	2	2	NA	NA	2	NA	NA	NA
mzh	Mazatec (Huautla)	Oto-Manguean	3	3	2	NA	NA	NA	NA	NA
mzn	Mazanderani	Indo-European	NA	NA	1	NA	1	NA	NA	NA
nab	Nabak	Trans-New Guinea	1	1	1	1	2	2	2	NA
nad	Nadëb	Nadahup	1	1	1	1	NA	NA	NA	NA
nag	Nagatman	Yale	1	1	1	NA	3	NA	NA	NA
nah	Nahali	Nahali	1	NA	NA	NA	1	NA	NA	NA
naj	Neo-Aramaic (Arbel Jewish)	Afro-Asiatic	1	1	2	2	2	1	1	1
nak	Nakanai	Austronesian	1	2	2	2	2	2	3	NA
nal	Nalik	Austronesian	1	2	2	NA	2	2	2	1
nam	Namia	Sepik	1	1	1	1	2	2	2	7
nan	Nandi	Eastern Sudanic	2	2	2	2	2	4	2	1
nar	Nara (in Ethiopia)	Eastern Sudanic	1	1	1	1	2	2	NA	1
nas	Nasioi	East Bougainville	1	1	1	3	3	1	1	NA
nat	Natchez	Natchez	1	1	1	NA	2	NA	NA	1
nau	Nauruan	Austronesian	3	2	NA	NA	2	6	NA	NA
nav	Navajo	Na-Dene	1	1	1	1	2	1	1	3
nax	Naxi	Sino-Tibetan	NA	NA	NA	NA	2	1	2	NA
nbd	Nubian (Dongolese)	Eastern Sudanic	1	1	1	1	2	1	2	1
nbe	Ngombe	Niger-Congo	1	2	NA	NA	NA	NA	NA	NA
nbm	Ngbaka (Ma'bo)	Niger-Congo	1	2	NA	NA	NA	NA	NA	NA
nbr	Ngäbere	Chibchan	1	1	1	1	2	2	2	NA
nca	Nicobarese (Car)	Austro-Asiatic	2	2	2	2	1	1	1	NA
ncm	Ncàm	Niger-Congo	1	2	4	1	2	2	2	1
ndb	Ndebele (in South Africa)	Niger-Congo	1	2	NA	2	2	2	NA	NA
nde	Nande	Niger-Congo	NA	NA	2	2	2	2	2	NA
ndi	Ngbandi	Niger-Congo	1	2	2	2	2	2	2	NA
ndj	Ndjébbana	Mangrida	1	1	1	NA	2	1	2	NA
ndo	Ndonga	Niger-Congo	1	2	2	2	2	2	2	1
ndr	Nadroga	Austronesian	2	2	NA	2	2	2	NA	1
ndt	Ndut	Niger-Congo	1	2	2	2	2	2	2	1
ndu	Ndumu	Niger-Congo	1	2	2	2	2	2	2	NA
ndy	Ndyuka	other	1	2	2	3	1	2	1	1
neh	Nehan	Austronesian	1	2	2	2	2	2	1	1
nen	Nenets	Uralic	1	1	1	1	1	1	1	NA
nep	Nepali	Indo-European	1	1	1	1	1	1	1	NA
nev	Nevome	Uto-Aztecan	1	1	1	1	1	1	1	NA
new	Newari (Kathmandu)	Sino-Tibetan	1	1	1	1	1	1	2	2
ney	Neyo	Niger-Congo	1	3	NA	1	2	2	2	1
nez	Nez Perce	Penutian	3	3	NA	1	1	1	1	1
nga	Nganasan	Uralic	1	1	NA	NA	1	NA	NA	NA
ngb	Ngbaka (Minagende)	Niger-Congo	NA	NA	2	2	NA	2	2	NA
ngd	Ngad'a	Austronesian	1	2	2	2	2	NA	3	NA
ngg	Ngan'gityemerri	Southern Daly	3	1	1	NA	2	2	2	NA
ngi	Ngiyambaa	Pama-Nyungan	1	1	5	1	3	1	NA	7
ngj	Ngadjumaja	Pama-Nyungan	1	1	NA	NA	2	NA	NA	NA
ngk	Ngankikurungkurr	Southern Daly	1	3	1	NA	2	2	2	5
ngl	Ngalakan	Gunwinyguan	3	3	5	3	2	1	NA	1
ngm	Ngambay	Central Sudanic	1	2	2	2	2	2	2	1
ngn	Ngandi	Gunwinyguan	1	1	NA	3	2	1	2	NA
ngo	Ngoni	Niger-Congo	1	2	2	2	2	2	2	1
ngr	Ngarinyeri	Pama-Nyungan	2	NA	NA	NA	NA	NA	NA	NA
ngt	Naga (Tangkhul)	Sino-Tibetan	1	1	NA	1	2	2	2	2
ngu	Nguna	Austronesian	1	2	2	2	2	2	2	NA
ngw	Ngawun	Pama-Nyungan	1	2	NA	NA	3	1	1	NA
ngz	Ngizim	Afro-Asiatic	1	2	2	2	2	2	2	1
nha	Nhanda	Pama-Nyungan	3	3	NA	NA	NA	NA	NA	NA
nhh	Nahuatl (Huasteca)	Uto-Aztecan	2	2	2	2	2	1	1	1
nhm	Nahuatl (Michoacán)	Uto-Aztecan	2	2	2	3	2	1	1	1
nhn	Nahuatl (North Puebla)	Uto-Aztecan	1	2	NA	NA	3	1	1	7
nht	Nahuatl (Tetelcingo)	Uto-Aztecan	3	2	2	2	2	1	1	1
nia	Nias	Austronesian	2	2	2	2	2	2	3	1
nif	Niuafo'ou	Austronesian	2	2	2	NA	2	2	NA	1
nis	Nyishi	Sino-Tibetan	1	1	1	1	1	5	2	NA
niu	Niuean	Austronesian	2	2	2	2	2	NA	1	1
niv	Nivkh	Nivkh	1	1	1	1	1	1	3	2
nkb	Ngalkbun	Gunwinyguan	1	1	NA	2	2	NA	NA	NA
nke	Nkem	Niger-Congo	1	2	NA	NA	3	2	NA	NA
nkk	Nakkara	Mangrida	NA	NA	NA	NA	2	NA	NA	NA
nkn	Nkonya	Niger-Congo	1	2	1	1	2	2	2	1
nko	Nkore-Kiga	Niger-Congo	1	2	2	2	2	2	2	1
nku	Nubian (Kunuz)	Eastern Sudanic	1	1	NA	1	2	1	2	1
nma	Naga (Mao)	Sino-Tibetan	1	1	NA	1	2	6	2	2
nmb	Nambikuára (Southern)	Nambikuaran	1	1	NA	NA	NA	NA	NA	NA
nmd	Nomad	East Strickland	1	1	NA	NA	NA	NA	NA	NA
nmm	Manange	Sino-Tibetan	1	1	NA	NA	3	NA	3	2
nnc	Nancowry	Austro-Asiatic	2	2	2	2	2	1	NA	NA
nnd	Nend	Trans-New Guinea	1	1	1	3	2	2	NA	NA
nne	Nengone	Austronesian	3	2	NA	2	NA	2	1	NA
nng	Nyanga	Niger-Congo	1	2	NA	2	2	2	NA	NA
nnk	Nankina	Trans-New Guinea	1	1	1	1	2	NA	2	NA
noc	Nocte	Sino-Tibetan	1	1	1	1	2	1	3	2
nog	Noghay	Altaic	1	1	NA	NA	1	NA	NA	NA
non	Noni	Niger-Congo	1	2	4	2	2	2	2	1
noo	Noon	Niger-Congo	1	2	2	2	2	2	2	1
nor	Norwegian	Indo-European	1	2	2	3	1	1	1	1
nph	Nar-Phu	Sino-Tibetan	1	1	1	1	2	1	2	2
nrg	Nanerge	Niger-Congo	NA	NA	NA	1	2	1	2	1
nse	Nsenga	Niger-Congo	1	2	2	NA	2	6	NA	NA
nsg	Nisgha	Penutian	2	2	2	2	1	2	1	NA
nsn	Nisenan	Penutian	1	1	NA	1	1	1	3	NA
nti	Ngiti	Central Sudanic	1	3	1	1	1	1	1	NA
ntj	Ngaanyatjarra	Pama-Nyungan	1	1	1	1	2	2	2	NA
nto	Ntomba	Niger-Congo	1	2	NA	NA	2	NA	2	NA
nua	Nuaulu	Austronesian	1	2	2	1	2	2	2	1
nue	Nuer	Eastern Sudanic	1	3	2	2	2	2	2	1
nug	Nunggubuyu	Gunwinyguan	3	3	5	3	3	1	NA	1
nun	Nung (in Vietnam)	Tai-Kadai	1	2	2	2	2	2	1	1
nup	Nupe	Niger-Congo	1	2	2	2	2	2	2	1
nus	Nusu	Sino-Tibetan	1	1	NA	NA	2	2	2	NA
nuu	Nuuchahnulth	Wakashan	2	2	NA	NA	3	NA	3	NA
nwd	Newar (Dolakha)	Sino-Tibetan	1	1	1	1	1	1	3	2
nya	Nyawaygi	Pama-Nyungan	1	1	NA	NA	NA	NA	NA	NA
nyh	Nyiha	Niger-Congo	NA	NA	NA	NA	2	NA	2	NA
nyi	Nyimang	Eastern Sudanic	1	1	1	1	2	2	NA	NA
nyk	Nyamkad	Sino-Tibetan	1	1	NA	NA	2	1	2	NA
nym	Nyamwezi	Niger-Congo	3	2	NA	2	2	2	2	NA
nyn	Nyigina	Nyulnyulan	3	2	NA	3	NA	1	NA	NA
nyr	Nyangumarda	Pama-Nyungan	NA	NA	4	NA	3	1	NA	NA
nyu	Nyulnyul	Nyulnyulan	NA	NA	3	NA	1	1	1	NA
nza	Nzakara	Niger-Congo	1	2	2	2	1	2	2	1
nze	Naga (Zeme)	Sino-Tibetan	1	1	1	NA	2	1	2	NA
obg	Ogbronuagum	Niger-Congo	1	2	2	NA	1	2	1	1
obo	Obolo	Niger-Congo	1	2	2	2	3	2	2	1
ocu	Ocuilteco	Oto-Manguean	1	2	2	3	1	1	1	NA
oir	Oirat	Altaic	1	1	NA	NA	NA	NA	NA	NA
oji	Ojibwa (Eastern)	Algic	2	2	5	1	NA	1	1	1
oks	Oksapmin	Oksapmin	1	1	1	1	3	NA	3	NA
olo	Olo	Torricelli	1	2	2	3	2	2	2	1
omh	Omaha	Siouan	1	1	NA	1	2	1	2	NA
omi	Ömie	Trans-New Guinea	1	1	1	1	2	1	2	NA
ond	Oneida	Iroquoian	2	2	5	3	NA	1	NA	3
one	One	Torricelli	1	2	NA	3	NA	6	NA	NA
ong	Onge	South Andamanese	1	1	NA	1	NA	3	NA	NA
ood	O'odham	Uto-Aztecan	2	2	4	3	1	1	1	1
ora	Emai	Niger-Congo	1	2	2	NA	NA	2	2	NA
ord	Ordos	Altaic	1	1	NA	1	1	NA	1	NA
orh	Oromo (Harar)	Afro-Asiatic	1	1	1	2	2	2	2	1
ori	Orig	Kordofanian	1	1	NA	2	2	2	2	NA
ork	Orok	Altaic	1	1	1	1	2	NA	1	NA
oro	Orokaiva	Trans-New Guinea	1	1	1	1	2	2	2	NA
orw	Oromo (Waata)	Afro-Asiatic	1	1	1	2	2	2	2	1
ory	Orya	Tor-Orya	1	1	1	1	2	2	NA	NA
osa	Osage	Siouan	1	1	1	1	2	6	NA	3
oss	Ossetic	Indo-European	1	1	1	1	1	1	1	NA
otm	Otomí (Mezquital)	Oto-Manguean	2	2	2	2	1	1	1	1
otr	Otoro	Kordofanian	1	2	NA	2	2	2	2	NA
owi	Owininga	Left May	1	1	1	1	NA	NA	2	NA
oya	Oriya	Indo-European	1	1	NA	NA	NA	NA	3	4
paa	Pa'a	Afro-Asiatic	1	2	2	2	1	NA	2	1
pae	Páez	Páezan	1	1	1	1	2	1	1	NA
pai	Paiwan	Austronesian	2	2	2	2	2	1	2	1
pal	Palauan	Austronesian	1	2	2	2	1	1	1	1
pam	Pame	Oto-Manguean	1	2	NA	NA	2	1	1	NA
pan	Panjabi	Indo-European	1	1	1	1	1	1	1	7
par	Päri	Eastern Sudanic	1	1	2	2	2	NA	2	1
pat	Patep	Austronesian	1	2	2	1	2	2	2	1
pau	Paumarí	Arauan	2	3	1	1	2	1	2	1
paw	Pawaian	Teberan-Pawaian	1	1	1	NA	1	1	2	NA
pba	Pima Bajo	Uto-Aztecan	1	1	NA	1	1	1	1	1
pdp	Folopa	Teberan-Pawaian	1	1	1	1	3	1	3	NA
per	Pero	Afro-Asiatic	1	2	2	2	2	NA	2	1
pga	Pilagá	Guaicuruan	2	2	5	2	2	1	NA	1
pia	Piaroa	Sáliban	1	1	NA	1	2	1	2	NA
pip	Pipil	Uto-Aztecan	2	2	2	2	1	NA	1	1
pir	Piro	Arawakan	1	1	NA	1	2	1	1	NA
pis	Pisa	Trans-New Guinea	1	1	1	1	NA	NA	2	NA
pit	Pitjantjatjara	Pama-Nyungan	1	1	1	1	2	2	2	7
pkn	Paakantyi	Pama-Nyungan	1	2	NA	NA	1	6	1	NA
pkt	Pokot	Eastern Sudanic	2	2	2	2	2	4	2	1
plg	Palaung	Austro-Asiatic	1	2	2	2	2	2	3	1
plh	Paulohi	Austronesian	1	2	2	1	2	2	2	1
plk	Palikur	Arawakan	1	2	2	1	2	1	1	NA
pme	Pomo (Eastern)	Hokan	1	1	NA	1	NA	NA	NA	NA
pmn	Pomo (Northern)	Hokan	1	1	1	1	NA	NA	1	NA
pms	Paamese	Austronesian	1	2	2	2	2	NA	2	1
png	Pangwa	Niger-Congo	1	2	2	NA	2	NA	NA	NA
pnn	Pangasinan	Austronesian	2	2	2	2	3	NA	1	NA
pno	Paiute (Northern)	Uto-Aztecan	1	1	4	1	1	1	1	1
pnu	Bunu (Younuo)	Hmong-Mien	1	2	5	1	2	2	1	NA
pnx	Panará	Macro-Ge	2	3	1	1	2	NA	2	1
pny	Panyjima	Pama-Nyungan	1	3	NA	3	3	1	1	NA
pod	Podoko	Afro-Asiatic	2	2	2	2	3	1	2	1
pog	Pogoro	Niger-Congo	1	2	2	NA	NA	NA	NA	NA
poh	Pohnpeian	Austronesian	1	2	2	3	2	2	2	1
pok	Poko-Rawo	Skou	1	3	4	1	2	2	2	NA
pol	Polish	Indo-European	3	2	2	2	1	1	1	1
por	Portuguese	Indo-European	1	2	2	2	2	1	NA	1
ppc	Piapoco	Arawakan	NA	NA	NA	1	NA	1	1	NA
ppi	Pitta Pitta	Pama-Nyungan	3	3	NA	1	2	NA	NA	NA
pra	Prasuni	Indo-European	1	1	1	1	1	1	1	NA
pre	Pare	Niger-Congo	1	2	2	2	2	1	2	1
prh	Pirahã	Mura	1	1	1	1	2	2	2	NA
prk	Purki	Sino-Tibetan	1	1	1	NA	1	1	2	2
prs	Persian	Indo-European	1	1	2	2	2	1	1	1
psh	Pashto	Indo-European	1	1	1	1	1	1	1	1
psm	Passamaquoddy-Maliseet	Algic	3	2	2	NA	NA	1	NA	NA
pso	Pomo (Southeastern)	Hokan	1	1	1	1	NA	1	1	NA
psw	Port Sandwich	Austronesian	1	2	2	2	2	2	2	1
ptt	Pattani	Sino-Tibetan	1	1	1	1	1	1	1	1
ptw	Patwin	Penutian	1	1	1	NA	NA	NA	NA	NA
pul	Puluwat	Austronesian	1	2	2	1	2	2	1	1
pum	Pumi	Sino-Tibetan	1	NA	1	1	2	1	2	2
pun	Pungupungu	Anson Bay	1	1	1	1	2	NA	2	NA
puq	Puquina	Puquina	NA	NA	1	NA	NA	NA	NA	NA
pur	Purépecha	Tarascan	1	2	4	3	2	1	1	1
pwn	Pawnee	Caddoan	NA	NA	NA	1	NA	3	1	NA
qaf	Qafar	Afro-Asiatic	1	1	1	1	1	1	1	2
qaw	Qawasqar	Alacalufan	1	1	1	1	NA	NA	3	NA
qhu	Quechua (Huallaga)	Quechuan	1	1	1	1	1	1	1	2
qia	Qiang	Sino-Tibetan	NA	NA	1	1	2	2	2	2
qim	Quechua (Imbabura)	Quechuan	1	1	1	1	1	1	1	2
qui	Quileute	Chimakuan	2	2	NA	2	1	1	1	NA
qum	Sipakapense	Mayan	2	2	2	2	1	1	1	1
rag	Raga	Austronesian	1	2	2	2	2	2	2	1
ral	Ralte	Sino-Tibetan	1	1	NA	1	2	NA	2	NA
ram	Rama	Chibchan	1	1	1	1	2	1	2	NA
rao	Rao	Lower Sepik-Ramu	1	1	NA	1	2	NA	NA	NA
rap	Rapanui	Austronesian	2	2	2	2	2	2	1	1
ras	Rashad	Kordofanian	1	1	NA	2	2	2	NA	NA
raw	Rawang	Sino-Tibetan	1	1	1	1	2	1	2	2
rem	Remo	Austro-Asiatic	1	1	1	1	1	1	1	NA
res	Resígaro	Arawakan	1	1	1	1	1	1	1	7
ret	Retuarã	Tucanoan	1	1	1	1	1	1	1	3
rga	Ronga	Niger-Congo	1	2	2	2	2	2	3	NA
rgc	rGyalrong (Caodeng)	Sino-Tibetan	1	1	NA	1	2	1	2	3
ria	Riantana	Kolopom	1	1	NA	NA	NA	NA	NA	NA
rik	Rikbaktsa	Macro-Ge	1	1	1	NA	NA	NA	NA	NA
rim	Rimi	Niger-Congo	1	2	NA	NA	NA	NA	NA	NA
rit	Ritharngu	Pama-Nyungan	3	3	NA	NA	NA	NA	NA	NA
rji	Raji	Sino-Tibetan	NA	NA	NA	NA	3	NA	NA	NA
rmb	Rembarnga	Gunwinyguan	1	1	NA	NA	NA	1	NA	NA
rnd	Rundi	Niger-Congo	1	NA	NA	NA	NA	NA	NA	NA
rny	Runyankore	Niger-Congo	1	2	2	2	2	2	2	1
rom	Romanian	Indo-European	1	2	2	2	2	6	1	1
ron	Ron	Afro-Asiatic	1	2	NA	2	NA	2	2	1
rot	Rotuman	Austronesian	1	2	2	2	2	2	2	1
rov	Roviana	Austronesian	2	2	NA	2	2	2	1	1
rpa	Rang Pas	Sino-Tibetan	1	1	NA	NA	1	NA	1	NA
rru	Runyoro-Rutooro	Niger-Congo	1	2	NA	NA	2	NA	NA	NA
rsu	Romansch (Sursilvan)	Indo-European	1	2	NA	2	2	1	1	1
ruk	Rukai (Tanan)	Austronesian	2	2	2	2	3	1	1	7
rum	Rumu	Turama-Kikorian	1	1	1	1	2	2	2	2
run	Runga	Maban	1	1	1	1	2	2	3	1
rus	Russian	Indo-European	1	2	2	2	1	1	1	1
rut	Rutul	Nakh-Daghestanian	1	1	1	1	1	1	1	NA
rwa	Rawa	Trans-New Guinea	1	1	NA	NA	2	6	2	NA
rwe	Romani (Welsh)	Indo-European	3	2	2	1	1	1	1	1
ryu	Shuri	Japanese	1	1	1	NA	NA	NA	NA	NA
saa	Sa'a	Austronesian	NA	NA	2	2	2	NA	1	NA
sah	Sahu	West Papuan	1	2	2	1	2	2	2	1
sak	Sakao	Austronesian	1	2	2	2	2	2	2	1
sal	Salinan	Salinan	2	2	2	2	3	1	1	NA
sam	Samoan	Austronesian	2	2	2	2	2	6	3	1
san	Sango	Niger-Congo	1	2	2	2	1	2	2	1
sap	Sapuan	Austro-Asiatic	1	2	NA	NA	2	NA	NA	NA
sar	Sare	Sepik	1	1	1	1	1	1	1	2
sav	Savi	Indo-European	1	1	1	1	1	1	NA	NA
sba	Sáliba (in Colombia)	Sáliban	NA	NA	1	NA	NA	NA	NA	NA
scr	Serbian-Croatian	Indo-European	1	2	2	3	1	1	1	NA
sdw	Sandawe	Sandawe	1	1	1	1	2	1	2	1
sea	Southeast Ambrym	Austronesian	1	2	NA	NA	2	2	NA	1
seb	Sebei	Eastern Sudanic	2	2	2	2	2	4	2	NA
sec	Secoya	Tucanoan	NA	NA	NA	1	1	1	1	NA
sed	Sedang	Austro-Asiatic	1	2	2	2	2	2	1	1
see	Seediq	Austronesian	2	2	NA	2	3	2	1	1
sel	Selknam	Chon	2	1	1	NA	1	NA	NA	NA
sem	Sema	Sino-Tibetan	1	1	1	1	2	2	2	NA
sen	Sena	Niger-Congo	NA	NA	2	NA	2	NA	NA	NA
ser	Seri	Hokan	1	1	1	1	4	2	2	3
ses	Sesotho	Niger-Congo	1	2	2	2	2	2	NA	1
sgb	Sougb	East Bird's Head	1	2	2	1	2	2	2	1
sge	Songe	Niger-Congo	NA	NA	2	NA	NA	6	NA	NA
sgl	Sengele	Niger-Congo	1	2	2	NA	NA	NA	NA	NA
sgu	Sangu	Niger-Congo	1	2	NA	2	2	2	2	1
sha	Shan	Tai-Kadai	1	2	NA	2	NA	NA	NA	NA
shb	Shabo	Shabo	1	1	1	NA	1	NA	1	1
she	Sherpa	Sino-Tibetan	1	1	1	1	2	1	2	NA
shg	Shigatse	Sino-Tibetan	1	1	NA	1	3	NA	2	7
shh	Sharanahua	Panoan	1	1	1	NA	NA	1	NA	NA
shi	Shiriana	Yanomam	1	1	1	1	2	1	1	NA
shk	Shipibo-Konibo	Panoan	1	1	1	1	3	1	1	NA
shl	Shilluk	Eastern Sudanic	1	2	2	2	2	NA	2	NA
shm	Shambala	Niger-Congo	1	2	NA	NA	2	1	NA	NA
shn	Shona	Niger-Congo	1	2	2	2	2	2	2	1
sho	Shoshone	Uto-Aztecan	1	1	NA	NA	1	1	NA	NA
shp	Sahaptin (Northern)	Penutian	2	2	NA	NA	1	1	1	NA
shs	Shasta	Hokan	3	2	NA	NA	NA	NA	NA	NA
sht	Shatt	Eastern Sudanic	1	2	NA	2	2	2	2	1
shu	Shuswap	Salishan	2	2	2	2	NA	NA	NA	NA
shy	Shira Yughur	Altaic	NA	NA	1	NA	NA	NA	NA	NA
sia	Siane	Trans-New Guinea	1	1	NA	1	2	NA	NA	NA
sid	Sidaama	Afro-Asiatic	1	1	1	1	1	1	1	2
sil	Sila	Eastern Sudanic	1	1	NA	2	2	NA	NA	NA
sim	Simeulue	Austronesian	2	2	2	2	2	2	NA	NA
sin	Siona	Tucanoan	1	1	NA	1	1	1	1	NA
sio	Sio	Austronesian	1	2	2	1	2	2	2	1
sir	Siar	Austronesian	1	2	2	2	1	6	1	1
sis	Sisiqa	Austronesian	1	2	2	2	2	2	1	1
siu	Siuslaw	Oregon Coast	3	2	5	3	1	1	1	NA
skk	Sikkimese	Sino-Tibetan	1	1	1	1	2	6	2	2
skm	Sukuma	Niger-Congo	1	2	NA	NA	NA	NA	NA	NA
skn	Sikuani	Guahiban	1	1	1	NA	NA	NA	NA	1
sko	Skou	Skou	1	1	1	1	2	2	2	NA
skp	Selkup	Uralic	1	1	NA	1	1	1	1	NA
skr	Sikaritai	Lakes Plain	1	1	NA	NA	NA	NA	NA	1
sku	Suku	Niger-Congo	1	2	NA	NA	2	2	2	NA
skw	Shekhawati	Indo-European	1	1	1	NA	NA	NA	NA	7
sla	Slave	Na-Dene	1	1	1	1	2	1	2	7
slb	Saliba (in Papua New Guinea)	Austronesian	1	1	1	1	2	1	2	1
sle	Samba Leko	Niger-Congo	1	2	1	1	2	2	2	1
slg	Sulung	Sulung	NA	1	NA	NA	NA	NA	NA	NA
slo	Slovene	Indo-European	1	2	2	3	1	1	1	NA
slp	Selepet	Trans-New Guinea	NA	NA	1	1	2	2	2	NA
sme	Seme	Niger-Congo	1	1	1	1	2	1	NA	NA
sml	Semelai	Austro-Asiatic	3	2	2	2	2	2	1	1
smn	Seminole	Muskogean	1	1	1	1	2	1	2	NA
smp	Shompen	Shompen	2	2	NA	NA	1	NA	1	NA
sna	Shina	Indo-European	1	1	1	1	1	1	1	NA
snc	Seneca	Iroquoian	3	3	NA	NA	NA	NA	NA	NA
sng	Sinaugoro	Austronesian	1	1	1	1	2	1	2	2
snh	Sinhala	Indo-European	1	1	1	NA	1	NA	3	1
snm	Sanuma	Yanomam	1	1	1	1	2	1	NA	7
snn	Soninke	Mande	1	1	NA	NA	2	NA	NA	NA
sno	Saami (Northern)	Uralic	1	2	1	1	1	NA	NA	NA
snt	Sentani	Sentani	1	1	1	1	2	1	2	NA
so	So	Eastern Sudanic	2	2	2	2	2	2	2	1
sob	Sobei	Austronesian	1	2	2	1	2	2	2	1
sod	Soddo	Afro-Asiatic	1	1	4	1	1	NA	NA	NA
som	Somali	Afro-Asiatic	1	1	4	3	2	4	1	1
son	Sonsorol-Tobi	Austronesian	1	2	2	2	3	2	1	NA
sor	Sora	Austro-Asiatic	NA	NA	1	NA	NA	NA	NA	NA
spa	Spanish	Indo-European	3	2	2	2	2	1	1	1
spi	Spitian	Sino-Tibetan	1	1	NA	NA	2	1	2	NA
squ	Squamish	Salishan	2	2	2	2	1	1	1	7
srb	Sorbian	Indo-European	1	1	2	NA	1	NA	NA	NA
src	Sarcee	Na-Dene	1	1	1	1	2	1	1	1
srd	Sardinian	Indo-European	1	2	NA	NA	2	NA	1	1
sre	Sre	Austro-Asiatic	1	2	2	2	2	2	1	1
srn	Sirionó	Tupian	1	1	1	1	2	1	NA	NA
sro	Siroi	Trans-New Guinea	1	1	1	1	2	2	2	1
ssa	Sisaala	Niger-Congo	1	2	NA	NA	NA	NA	NA	NA
sta	Santa	Altaic	1	1	1	1	1	NA	1	NA
sti	Stieng	Austro-Asiatic	1	2	2	2	2	2	3	NA
stl	Santali	Austro-Asiatic	1	1	1	1	1	1	1	7
stn	Sotho (Northern)	Niger-Congo	1	2	NA	2	NA	NA	NA	NA
sud	Sudest	Austronesian	1	2	NA	1	2	2	2	1
sue	Suena	Trans-New Guinea	1	1	1	1	2	2	2	NA
sug	Sungor	Eastern Sudanic	NA	NA	NA	1	2	NA	NA	NA
suk	Suki	Gogodala-Suki	1	1	NA	1	1	1	3	NA
sul	Sulka	Sulka	1	2	2	3	2	2	2	1
sun	Sundanese	Austronesian	1	2	2	2	2	2	1	1
sup	Supyire	Niger-Congo	1	1	1	1	2	1	2	4
sus	Susu	Mande	1	1	1	1	NA	1	NA	NA
svs	Savosavo	Solomons East Papuan	1	1	1	1	1	1	1	2
swa	Swahili	Niger-Congo	1	2	2	2	2	2	2	1
swe	Swedish	Indo-European	1	2	2	1	1	1	1	1
swt	Swati	Niger-Congo	3	2	NA	2	3	1	3	1
syu	Salt-Yui	Trans-New Guinea	1	1	1	NA	2	NA	NA	NA
tab	Taba	Austronesian	1	2	2	1	2	2	2	1
tac	Tacana	Tacanan	1	1	1	1	3	1	NA	NA
taf	Taiof	Austronesian	1	2	NA	2	2	2	1	1
tag	Tagalog	Austronesian	2	2	NA	2	3	6	1	1
tah	Tahitian	Austronesian	2	2	2	3	2	1	3	1
tai	Tuareg (Air)	Afro-Asiatic	2	2	2	2	NA	2	NA	1
taj	Tajik	Indo-European	1	1	2	2	2	1	1	1
tak	Takia	Austronesian	1	1	1	1	2	2	NA	1
tal	Talinga	Niger-Congo	1	2	2	NA	NA	NA	NA	NA
tam	Tamang (Eastern)	Sino-Tibetan	1	1	1	1	1	1	2	2
tan	Tangale	Afro-Asiatic	1	2	NA	NA	NA	NA	NA	NA
tao	Tarao	Sino-Tibetan	1	1	NA	NA	2	4	2	NA
tar	Tariana	Arawakan	1	1	1	1	3	1	1	1
tas	Tashlhiyt	Afro-Asiatic	3	2	NA	2	NA	4	NA	NA
tat	Tatana'	Austronesian	2	2	NA	2	2	2	1	1
tau	Tauya	Trans-New Guinea	1	1	1	1	2	1	2	7
taw	Tawala	Austronesian	1	1	4	1	2	1	2	1
tba	Tabare	Trans-New Guinea	1	1	NA	1	2	NA	2	NA
tbl	Tabla	Sentani	1	1	1	NA	2	1	2	NA
tbo	Tboli	Austronesian	2	2	2	2	2	2	1	1
tbt	Tobati	Austronesian	1	1	1	1	2	2	2	1
tbu	Tubu	Saharan	1	1	1	2	2	2	2	1
tbw	Tabwa	Niger-Congo	1	2	2	2	2	6	2	NA
tbx	Tangbe	Sino-Tibetan	NA	NA	1	NA	NA	NA	NA	NA
tce	Tarahumara (Central)	Uto-Aztecan	1	1	1	NA	1	1	NA	1
tdi	Tibetan (Dingri)	Sino-Tibetan	1	1	NA	1	2	6	2	NA
tdr	Tibetan (Drokpa)	Sino-Tibetan	1	1	NA	NA	2	2	2	7
tee	Tepehua (Huehuetla)	Totonacan	2	2	2	2	1	1	1	1
tel	Telugu	Dravidian	1	1	1	1	1	1	1	2
ten	Tennet	Eastern Sudanic	2	2	4	2	2	2	2	1
teo	Teop	Austronesian	1	2	2	2	2	2	1	1
tep	Tepehua (Tlachichilco)	Totonacan	2	2	2	2	1	NA	1	1
ter	Tera	Afro-Asiatic	1	2	2	2	2	2	2	1
tes	Teso	Eastern Sudanic	2	2	2	2	2	2	2	1
tet	Tetela	Niger-Congo	1	2	2	2	NA	2	2	NA
tgh	Tuareg (Ghat)	Afro-Asiatic	NA	2	2	2	NA	2	1	NA
tgk	Tigak	Austronesian	1	2	2	2	2	2	1	1
tgl	Tshangla	Sino-Tibetan	1	1	1	1	1	1	2	2
tgn	Tugun	Austronesian	1	2	NA	1	2	2	2	1
tgo	Tsogo	Niger-Congo	NA	NA	2	NA	2	2	2	NA
tgr	Tigré	Afro-Asiatic	1	1	2	2	1	6	1	2
tha	Thai	Tai-Kadai	1	2	2	2	2	2	2	1
thd	Thadou	Sino-Tibetan	NA	NA	1	NA	2	1	2	NA
thk	Thakali	Sino-Tibetan	1	1	NA	1	1	1	2	NA
thn	Thangmi	Sino-Tibetan	1	1	1	1	1	1	1	NA
tho	Thompson	Salishan	2	2	2	1	1	NA	1	NA
thu	Thulung	Sino-Tibetan	1	1	1	1	1	1	1	2
thy	Kuuk Thaayorre	Pama-Nyungan	1	1	3	2	2	2	2	1
tia	Tima	Kordofanian	1	2	NA	2	2	NA	NA	NA
tib	Tibetan (Standard Spoken)	Sino-Tibetan	1	1	NA	1	2	2	2	2
tic	Ticuna	Ticuna	NA	3	NA	3	NA	1	1	NA
tid	Tidore	West Papuan	1	2	2	1	2	2	2	1
tig	Tigrinya	Afro-Asiatic	1	1	2	3	1	1	NA	NA
tik	Tikar	Niger-Congo	1	3	NA	2	2	2	2	NA
tim	Timugon	Austronesian	2	2	2	2	2	2	1	1
tin	Tinrin	Austronesian	3	2	2	2	1	2	1	1
tir	Tiriyo	Cariban	2	1	1	1	NA	NA	NA	NA
tiv	Tiv	Niger-Congo	1	2	2	2	3	2	NA	NA
tiw	Tiwi	Tiwian	1	2	2	1	1	1	1	1
tja	Tiipay (Jamul)	Hokan	1	1	1	1	4	2	NA	3
tke	Tokelauan	Austronesian	2	2	2	NA	NA	2	NA	1
tki	Tuki	Niger-Congo	1	2	NA	NA	NA	NA	NA	NA
tkl	Takelma	Takelma	1	1	1	1	2	1	2	NA
tkm	Turkmen	Altaic	1	1	1	1	1	1	1	2
tla	Tolai	Austronesian	3	2	2	2	3	1	1	1
tlf	Telefol	Trans-New Guinea	1	1	1	1	2	6	2	NA
tli	Tlingit	Na-Dene	1	1	1	1	3	1	1	2
tlo	Tobelo	West Papuan	1	1	2	1	NA	2	2	NA
tlp	Tlapanec	Oto-Manguean	2	2	2	2	2	2	1	1
tls	Talysh (Southern)	Indo-European	NA	1	1	1	1	1	1	1
tma	Tama	Eastern Sudanic	1	1	NA	1	2	NA	NA	NA
tmc	Timucua	Timucua	1	1	NA	NA	NA	NA	NA	NA
tmg	Tamagario	Kayagar	1	1	NA	NA	NA	NA	NA	NA
tml	Tamil	Dravidian	1	1	1	1	1	1	1	2
tmm	Tamabo	Austronesian	1	2	NA	2	2	2	2	1
tmn	Temein	Eastern Sudanic	1	2	NA	2	2	2	2	NA
tmo	Tibetan (Modern Literary)	Sino-Tibetan	1	1	1	1	2	2	2	2
tmr	Temiar	Austro-Asiatic	1	2	2	NA	2	2	NA	1
tna	Turkana	Eastern Sudanic	2	2	2	2	2	2	2	1
tnb	Tunebo	Chibchan	1	1	NA	1	NA	NA	NA	NA
tnc	Tanacross	Na-Dene	1	1	1	1	2	1	NA	NA
tne	Temne	Niger-Congo	1	2	2	2	2	2	2	1
tng	Tongan	Austronesian	2	2	2	2	2	2	2	1
tni	Tinani	Sino-Tibetan	1	1	NA	NA	1	1	1	NA
tnk	Tungak	Austronesian	1	2	2	2	2	2	1	1
tnn	Tunen	Niger-Congo	1	1	4	2	2	1	2	1
tno	Tondano	Austronesian	3	2	2	2	2	2	3	1
tny	Tenyer	Niger-Congo	1	1	1	NA	2	NA	NA	1
tob	Toba	Guaicuruan	3	2	NA	2	1	1	1	NA
tod	Tod	Sino-Tibetan	1	1	NA	NA	NA	NA	NA	NA
ton	Tonkawa	Tonkawa	1	1	1	1	2	4	NA	NA
tot	Totonac (Misantla)	Totonacan	NA	NA	NA	NA	3	1	NA	NA
tou	Toussian	Niger-Congo	1	1	1	1	NA	6	2	3
toz	Tonga (in Zambia)	Niger-Congo	1	2	NA	2	2	2	2	1
tpn	Tepehuan (Northern)	Uto-Aztecan	2	2	1	1	3	1	1	1
tpr	Tupuri	Niger-Congo	1	2	2	NA	2	2	2	NA
tps	Tepehuan (Southeastern)	Uto-Aztecan	2	2	1	NA	2	1	NA	NA
tpt	Tapieté	Tupian	1	1	2	1	NA	1	1	1
trb	Teribe	Chibchan	1	1	1	1	2	2	2	1
tri	Trique (Copala)	Oto-Manguean	2	2	2	2	2	2	1	1
trm	Tirmaga	Eastern Sudanic	1	2	1	NA	NA	5	NA	1
trr	Tairora	Trans-New Guinea	1	1	NA	1	3	1	2	NA
trt	Ternate	West Papuan	NA	NA	2	1	NA	NA	NA	NA
tru	Trumai	Trumai	1	3	1	1	3	1	1	NA
trw	Torwali	Indo-European	1	1	1	1	1	1	1	NA
tsf	Tsafiki	Barbacoan	1	1	1	1	1	1	1	2
tsg	Tausug	Austronesian	2	2	2	2	2	NA	NA	NA
tsh	Tümpisa Shoshone	Uto-Aztecan	1	1	3	1	1	5	1	7
tsi	Tsimshian (Coast)	Penutian	2	2	2	2	1	2	1	1
tsk	Tamashek	Afro-Asiatic	2	2	2	2	2	2	1	1
tsm	Tasmanian	Tasmanian	NA	NA	1	1	2	NA	NA	NA
tsr	Taushiro	Taushiro	2	2	1	NA	NA	NA	NA	NA
tsz	Tsez	Nakh-Daghestanian	1	1	1	1	1	1	1	NA
ttd	Tetun Dili	Austronesian	1	2	2	1	2	2	2	1
tte	Tutelo	Siouan	1	1	1	1	NA	2	2	NA
ttn	Tetun	Austronesian	1	2	2	1	2	2	2	1
tts	Tati (Southern)	Indo-European	NA	NA	1	1	1	NA	NA	NA
ttu	Tsova-Tush	Nakh-Daghestanian	1	1	1	1	1	1	1	2
tuc	Tucano	Tucanoan	1	1	1	NA	3	1	1	2
tuk	Tukang Besi	Austronesian	2	2	2	2	2	2	2	7
tul	Tulu	Dravidian	1	1	1	1	1	1	1	NA
tum	Tumleo	Austronesian	1	2	NA	NA	2	NA	2	NA
tun	Tunica	Tunica	1	1	1	1	2	NA	NA	1
tur	Turkish	Altaic	1	1	1	1	1	1	1	2
tus	Tuscarora	Iroquoian	3	3	NA	NA	NA	NA	NA	NA
tuv	Tuvan	Altaic	1	1	1	1	1	1	NA	NA
tuy	Tuyuca	Tucanoan	1	1	1	NA	NA	1	1	NA
tvl	Tuvaluan	Austronesian	2	1	2	2	2	2	1	1
tvo	Tatar	Altaic	1	1	1	1	1	1	1	2
tvt	Tutsa	Sino-Tibetan	1	1	1	NA	3	1	2	NA
twe	Tarahumara (Western)	Uto-Aztecan	1	1	4	1	1	1	1	7
twn	Tiwa (Northern)	Kiowa-Tanoan	1	3	NA	NA	NA	NA	NA	NA
txj	Totonac (Xicotepec de Juárez)	Totonacan	1	2	2	2	1	1	NA	1
tye	Tyeraity	Northern Daly	1	1	NA	1	NA	NA	NA	NA
tzo	Tzotzil	Mayan	2	2	2	2	NA	NA	NA	NA
tzu	Tzutujil	Mayan	3	2	2	2	3	6	1	1
uby	Ubykh	Northwest Caucasian	1	1	1	1	1	3	1	2
udh	Udihe	Altaic	1	1	1	1	1	NA	NA	7
udi	Udi	Nakh-Daghestanian	1	1	NA	NA	1	1	1	NA
udm	Udmurt	Uralic	1	1	1	1	1	1	1	NA
uhi	Uradhi	Pama-Nyungan	1	1	NA	1	2	1	NA	NA
ukr	Ukrainian	Indo-European	1	2	2	NA	1	1	1	1
uld	Uldeme	Afro-Asiatic	1	2	2	2	2	2	2	1
uli	Ulithian	Austronesian	1	2	2	1	2	2	1	1
una	Una	Trans-New Guinea	1	1	1	1	2	1	2	2
ung	Ungarinjin	Worrorran	1	1	1	3	2	2	2	1
ura	Ura	Austronesian	1	2	NA	2	2	NA	2	NA
urd	Urdu	Indo-European	1	1	1	1	1	1	1	4
urk	Urubú-Kaapor	Tupian	1	1	1	1	2	1	1	NA
url	Urak Lawoi'	Austronesian	1	2	2	2	2	2	3	1
urn	Urarina	Urarina	2	1	1	1	2	1	1	2
urt	Urat	Torricelli	1	2	NA	2	2	2	2	1
uru	Uru	Uru-Chipaya	1	1	NA	NA	3	6	NA	NA
usa	Usan	Trans-New Guinea	1	1	1	1	2	2	2	NA
usr	Usarufa	Trans-New Guinea	1	1	NA	1	1	1	1	NA
ute	Ute	Uto-Aztecan	3	1	1	1	2	1	1	1
uyg	Uyghur	Altaic	1	1	NA	NA	1	NA	NA	2
uzb	Uzbek	Altaic	1	1	NA	1	1	1	1	2
vaf	Vafsi	Indo-European	NA	1	4	2	2	1	1	1
vai	Vai	Mande	1	1	1	1	2	2	2	4
ven	Venda	Niger-Congo	1	2	NA	NA	2	NA	2	NA
vie	Vietnamese	Austro-Asiatic	1	2	2	2	2	2	1	1
vif	Vili	Niger-Congo	NA	NA	2	2	2	2	2	NA
vnm	Vinmavis	Austronesian	1	2	2	2	2	2	2	1
vot	Votic	Uralic	NA	NA	4	NA	NA	NA	NA	NA
wag	Wagiman	Wagiman	1	1	NA	NA	2	NA	2	NA
wah	Wahgi	Trans-New Guinea	1	1	1	1	2	2	2	1
wai	Wai Wai	Cariban	3	1	1	1	NA	NA	NA	NA
wak	Wakhi	Indo-European	1	1	4	1	1	1	1	1
wal	Walman	Torricelli	1	2	1	3	2	2	2	1
wam	Wambaya	Mirndi	3	2	NA	NA	NA	1	NA	NA
wan	Wangkumara	Pama-Nyungan	1	3	NA	NA	3	6	NA	NA
wao	Waorani	Waorani	1	1	1	1	3	1	NA	7
wap	Wappo	Wappo-Yukian	1	1	NA	1	2	1	2	3
war	Wari'	Chapacura-Wanham	2	2	2	2	NA	2	4	1
was	Washo	Washo	1	1	1	1	1	1	1	NA
wat	Watjarri	Pama-Nyungan	NA	NA	1	1	2	2	3	NA
wau	Waunana	Choco	1	1	NA	NA	NA	NA	NA	NA
way	Wayampi	Tupian	1	1	1	1	NA	NA	NA	NA
wbn	Wambon	Trans-New Guinea	1	1	1	1	2	1	3	7
wch	Wichí	Matacoan	1	2	2	1	2	2	1	1
wec	Welsh (Colloquial)	Indo-European	2	2	NA	NA	NA	NA	NA	NA
wed	Wedau	Austronesian	1	1	4	1	2	1	NA	NA
wel	Welsh	Indo-European	2	2	2	2	2	2	1	1
wem	Wembawemba	Pama-Nyungan	2	2	4	1	1	1	NA	NA
wic	Wichita	Caddoan	3	1	5	NA	2	1	1	1
wik	Wikchamni	Penutian	3	3	NA	1	1	1	NA	NA
win	Wintu	Penutian	3	3	NA	1	NA	NA	NA	NA
wir	Wirangu	Pama-Nyungan	NA	NA	1	NA	NA	NA	NA	NA
wiy	Wiyot	Algic	1	3	4	1	2	1	NA	NA
wlf	Wolof	Niger-Congo	1	2	2	2	2	2	1	1
wlo	Wolio	Austronesian	2	2	2	2	2	1	1	1
wlw	Warluwara	Pama-Nyungan	1	1	NA	NA	NA	NA	NA	NA
wly	Wolaytta	Afro-Asiatic	1	1	NA	1	1	1	1	NA
wma	West Makian	West Papuan	1	2	2	1	2	2	2	1
wme	Wambule	Sino-Tibetan	1	1	1	1	1	1	1	NA
wmu	Wik Munkan	Pama-Nyungan	1	1	NA	1	2	2	2	NA
wn	Wik Ngathana	Pama-Nyungan	1	1	NA	NA	2	2	NA	NA
wna	Wan	Mande	1	1	1	1	2	NA	2	NA
wog	Wogamusin	Sepik	NA	NA	NA	1	2	NA	NA	NA
woi	Woisika	Timor-Alor-Pantar	1	1	4	1	2	2	2	NA
wol	Woleaian	Austronesian	1	2	2	3	2	2	1	1
wom	Womo	Skou	1	1	NA	1	2	2	NA	NA
wor	Worora	Worrorran	NA	NA	1	NA	NA	NA	NA	NA
wra	Warao	Warao	1	1	1	1	2	1	2	NA
wrb	Warrnambool	Pama-Nyungan	2	2	NA	NA	NA	NA	NA	NA
wrd	Wardaman	Yangmanic	3	3	1	3	2	1	1	NA
wrg	Warrgamay	Pama-Nyungan	3	3	NA	NA	NA	NA	NA	7
wrk	Warekena	Arawakan	1	2	2	2	2	1	1	NA
wrl	Warlpiri	Pama-Nyungan	3	3	NA	NA	2	NA	NA	5
wrm	Warembori	Austronesian	1	2	2	1	2	NA	NA	NA
wrn	Warndarang	Mangarrayi-Maran	1	2	NA	2	NA	NA	NA	NA
wrw	Warrwa	Nyulnyulan	3	3	3	1	1	6	1	NA
wry	Waray (in Australia)	Gunwinyguan	1	2	1	NA	NA	NA	NA	NA
wsk	Waskia	Trans-New Guinea	1	1	1	1	2	2	2	NA
wth	Wathawurrung	Pama-Nyungan	2	2	NA	NA	2	NA	NA	NA
wtm	Watam	Lower Sepik-Ramu	1	1	1	NA	NA	NA	NA	NA
wwa	Waama	Niger-Congo	1	2	NA	1	NA	2	2	NA
wya	Wyandot	Iroquoian	2	2	NA	NA	NA	NA	NA	NA
xam	/Xam	Tu	1	2	NA	1	2	1	2	NA
xar	Xârâcùù	Austronesian	1	2	2	3	1	2	1	NA
xas	Xasonga	Mande	1	1	1	1	2	1	2	7
xav	Xavánte	Macro-Ge	1	NA	1	1	NA	NA	NA	NA
xbi	Kombio	Torricelli	1	2	2	2	2	2	2	1
xer	Xerénte	Macro-Ge	1	1	NA	1	2	1	NA	NA
xho	Xhosa	Niger-Congo	1	2	2	2	2	6	2	1
xns	Kanashi	Sino-Tibetan	1	1	1	NA	NA	NA	NA	NA
xoo	!Xóõ	Tu	1	2	NA	1	2	2	NA	1
xsm	Kàsim	Niger-Congo	1	2	NA	NA	NA	NA	NA	NA
yag	Yagua	Peba-Yaguan	2	2	1	1	2	1	1	1
yah	Yahgan	Yámana	1	1	1	NA	1	6	NA	NA
yal	Yale (Kosarek)	Trans-New Guinea	1	1	1	1	2	2	2	2
yam	Yaminahua	Panoan	1	1	NA	NA	2	NA	NA	NA
yao	Yao (in Malawi)	Niger-Congo	3	2	NA	NA	2	2	NA	NA
yap	Yapese	Austronesian	2	2	2	2	2	2	1	1
yaq	Yaqui	Uto-Aztecan	1	1	1	1	1	1	1	1
yar	Yareba	Yareban	1	1	1	1	1	NA	2	2
yay	Yay	Tai-Kadai	1	2	NA	2	2	2	1	NA
ybi	Yamphu	Sino-Tibetan	1	1	NA	1	1	1	NA	NA
ycn	Yucuna	Arawakan	1	2	1	1	1	1	NA	NA
yei	Yei	Morehead and Upper Maro Rivers	1	1	1	1	NA	NA	1	NA
yel	Yelî Dnye	Yele	1	1	1	1	2	2	2	NA
ygr	Yagaria	Trans-New Guinea	1	1	1	1	1	NA	2	2
yi	Yi	Sino-Tibetan	1	1	1	1	2	2	2	NA
yid	Yidiny	Pama-Nyungan	1	1	5	1	2	6	2	5
yim	Yimas	Lower Sepik-Ramu	1	1	1	1	3	2	NA	NA
yin	Yindjibarndi	Pama-Nyungan	1	2	4	1	3	1	1	NA
yir	Yir Yiront	Pama-Nyungan	NA	NA	NA	NA	NA	6	NA	NA
yko	Yukaghir (Kolyma)	Yukaghir	1	1	1	1	1	1	1	2
ykt	Yakut	Altaic	1	1	1	1	1	1	NA	2
ylm	Yelmek	Bulaka River	1	1	1	3	NA	NA	2	NA
yng	Yingkarta	Pama-Nyungan	1	2	NA	NA	1	1	1	NA
yns	Yansi	Niger-Congo	NA	NA	NA	2	NA	2	NA	NA
yny	Yanyuwa	Pama-Nyungan	NA	NA	NA	NA	1	1	1	NA
yok	Yokuts (Yaudanchi)	Penutian	2	2	2	3	1	1	1	NA
yor	Yoruba	Niger-Congo	1	2	2	2	2	2	2	1
ypk	Yup'ik (Central)	Eskimo-Aleut	3	3	NA	NA	3	NA	NA	NA
yqy	Yaqay	Marind	1	1	1	1	NA	NA	2	NA
yrm	Yurimangí	Yurimangí	NA	NA	NA	1	2	NA	NA	NA
ytu	Yukaghir (Tundra)	Yukaghir	1	1	1	1	1	3	1	NA
yuc	Yuchi	Yuchi	1	1	1	1	2	1	2	1
yuk	Yukulta	Tangkic	1	1	NA	1	1	1	NA	1
yul	Yulu	Central Sudanic	1	2	2	2	2	2	2	1
yur	Yurok	Algic	1	3	4	1	1	1	1	7
yus	Yupik (Siberian)	Eskimo-Aleut	1	1	NA	1	NA	2	NA	NA
yuw	Yuwaalaraay	Pama-Nyungan	1	1	5	3	1	1	NA	3
ywl	Yawelmani	Penutian	3	2	NA	NA	NA	NA	NA	NA
ywr	Yawuru	Nyulnyulan	2	3	3	2	1	NA	NA	NA
yyg	Yaygir	Pama-Nyungan	NA	NA	NA	1	NA	NA	NA	NA
zag	Beria	Saharan	1	1	1	3	2	2	2	1
zai	Zapotec (Isthmus)	Oto-Manguean	2	2	2	2	2	2	1	1
zan	Zande	Niger-Congo	1	2	2	3	1	5	2	NA
zap	Zapotec (Mitla)	Oto-Manguean	2	2	2	2	2	2	1	NA
zar	Zarma	Songhay	1	3	1	1	2	2	2	NA
zay	Zayse	Afro-Asiatic	1	1	NA	1	1	1	1	2
zaz	Zazaki	Indo-European	1	1	1	NA	2	1	1	NA
zch	Zoque (Chimalapa)	Mixe-Zoque	1	2	1	1	1	1	1	1
zen	Zenaga	Afro-Asiatic	NA	NA	2	2	NA	NA	1	NA
zha	Zhang-Zhung	Sino-Tibetan	1	1	NA	NA	NA	NA	NA	NA
zhn	Zhuang (Northern)	Tai-Kadai	1	2	2	NA	NA	NA	1	1
zim	Zimakani	Marind	1	1	NA	NA	NA	NA	NA	NA
zpr	Zaparo	Zaparoan	1	2	NA	1	NA	NA	NA	NA
zqc	Zoque (Copainalá)	Mixe-Zoque	2	2	5	1	1	1	NA	NA
zqo	Zoque (Ostuacan)	Mixe-Zoque	2	2	NA	NA	NA	NA	NA	NA
zqs	Popoluca (Sierra)	Mixe-Zoque	3	2	2	1	NA	1	NA	NA
zul	Zulu	Niger-Congo	1	2	2	2	2	6	NA	1
zun	Zuni	Zuni	1	1	1	1	2	1	1	NA
zya	Zapotec (Yatzachi)	Oto-Manguean	2	2	2	2	2	2	1	NA
zzo	Zapotec (Zoogocho)	Oto-Manguean	2	2	NA	NA	2	2	1	1
